Gestor;Canal de Origem;Região;UF;Cidade;Sexo;Faixa Etária;Ano Abertura;Mês Abertura;Data Abertura;Data Resposta;Data Análise;Data Recusa;Data Finalização;Prazo Resposta;Prazo Analise Gestor;Tempo Resposta;Nome Fantasia;Segmento de Mercado;Área;Assunto;Grupo Problema;Problema;Como Comprou Contratou;Procurou Empresa;Respondida;Situação;Avaliação Reclamação;Nota do Consumidor;Análise da Recusa
Departamento Estadual de Proteção e Defesa do Consumidor;Plataforma Web;S ;PR;Antonina;F;entre 61 a 70 anos;2025;12;13/12/2025;12/01/2026;04/01/2026;15/12/2025;2026-02-02;12/01/2026;20;10;Banco C6 Consignado (Banco Ficsa);Bancos, Financeiras e Administradoras de Cartão;Serviços Financeiros;Crédito Consignado / Cartão de Crédito Consignado / RMC (para beneficiários do INSS);Contrato / Oferta;Oferta não cumprida / serviço não fornecido/ venda enganosa / publicidade enganosa;Telefone;S;S;Finalizada não avaliada;Não Avaliada;;Improcedente
Superintendência de Proteção e Defesa do Consumidor do Estado da Bahia;Plataforma Web;NE;BA;Jequié;M;entre 21 a 30 anos;2025;12;14/12/2025;12/01/2026;12/01/2026;28/12/2025;2026-02-02;08/01/2026;15;14;Facebook / Instagram;Provedores de Conteúdo e Outros Serviços na Internet;Demais Serviços ;Serviços na internet (provedor, hospedagem, aplicativos, streaming, jogos etc);Dados Pessoais e Privacidade;Dificuldade de acesso a dados pessoais ou financeiros;Internet;S;S;Finalizada não avaliada;Não Avaliada;;Improcedente
Secretaria Nacional do Consumidor;Plataforma Web;CO;DF;Brasília;F;entre 21 a 30 anos;2025;12;14/12/2025;;11/01/2026;29/12/2025;2026-02-02;06/01/2026;13;;Amazon.com.br;Comércio Eletrônico;Demais Produtos;Utilidades Domésticas e Decoração (para limpeza, cozinha, cama, mesa e banho, tapetes, cortinas, persianas, jardinagem etc);Contrato / Oferta;Oferta não cumprida / serviço não fornecido/ venda enganosa / publicidade enganosa;Internet;S;N;Finalizada não avaliada;Não Avaliada;;Improcedente
Programa Estadual de Proteção e Defesa do Consumidor do Ministério Público da Paraíba;Plataforma Web;NE;PB;João Pessoa;M;entre 31 a 40 anos;2025;12;14/12/2025;;12/01/2026;29/12/2025;2026-02-03;07/01/2026;14;;Amazon.com.br;Comércio Eletrônico;Produtos Eletrodomésticos e Eletrônicos;Televisão;Contrato / Oferta;Oferta não cumprida / serviço não fornecido/ venda enganosa / publicidade enganosa;Internet;S;N;Finalizada não avaliada;Não Avaliada;;Improcedente
Superintendência de Proteção e Defesa do Consumidor do Estado da Bahia;Plataforma Web;NE;BA;Salvador;M;entre 41 a 50 anos;2025;12;14/12/2025;12/01/2026;12/01/2026;29/12/2025;2026-02-02;07/01/2026;14;15;Amazon.com.br;Comércio Eletrônico;Produtos Eletrodomésticos e Eletrônicos;Eletroportáteis ( batedeira, liquidificador, umidificador, secador, cafeteira etc );Contrato / Oferta;Oferta não cumprida / serviço não fornecido/ venda enganosa / publicidade enganosa;Internet;S;S;Finalizada não avaliada;Não Avaliada;;Improcedente
Secretaria Nacional do Consumidor;Plataforma Web;N ;PA;Belém;M;entre 31 a 40 anos;2025;12;14/12/2025;12/01/2026;12/01/2026;29/12/2025;2026-02-02;07/01/2026;14;15;Amazon.com.br;Comércio Eletrônico;Produtos de Telefonia e Informática;Acessórios e periféricos (monitor, impressora, pendrive, hd externo, cd dvd, outras midias, roteador, software, scanner etc);Entrega do Produto;Não entrega / demora na entrega do produto;Internet;S;S;Finalizada não avaliada;Não Avaliada;;Improcedente
Secretaria Nacional do Consumidor;Plataforma Web;S ;RS;Porto Alegre;F;entre 31 a 40 anos;2025;12;14/12/2025;12/01/2026;12/01/2026;29/12/2025;2026-02-02;07/01/2026;14;15;Amazon.com.br;Comércio Eletrônico;Produtos Eletrodomésticos e Eletrônicos;Ar condicionado, ventilador e aquecedor;Entrega do Produto;Produto entregue incompleto / diferente do  pedido;Internet;S;S;Finalizada não avaliada;Não Avaliada;;Improcedente
Fundação de Proteção e Defesa do Consumidor;Plataforma Web;SE;SP;São Paulo;M;entre 41 a 50 anos;2025;12;14/12/2025;;12/01/2026;29/12/2025;2026-02-03;07/01/2026;14;;Amazon.com.br;Comércio Eletrônico;Demais Produtos;Esporte/Lazer/Festa (equipamento de ginástica, camping, náutica, caça, pesca, artigo esportivo, bicicleta, piscina, etc.);Contrato / Oferta;Oferta não cumprida / serviço não fornecido/ venda enganosa / publicidade enganosa;Internet;S;N;Finalizada não avaliada;Não Avaliada;;Improcedente
Fundação de Proteção e Defesa do Consumidor;Plataforma Web;SE;SP;São Paulo;M;entre 41 a 50 anos;2025;12;14/12/2025;;12/01/2026;29/12/2025;2026-02-03;07/01/2026;14;;Amazon.com.br;Comércio Eletrônico;Demais Produtos;Esporte/Lazer/Festa (equipamento de ginástica, camping, náutica, caça, pesca, artigo esportivo, bicicleta, piscina, etc.);Dados Pessoais e Privacidade;Vazamento de dados ou outros incidentes de segurança (acessos não autorizados e situações acidentais ou ilícitas de destruição, perda, alteração, comunicação ou tratamento inadequado ou ilícito);Internet;S;N;Finalizada não avaliada;Não Avaliada;;Improcedente
Fundação de Proteção e Defesa do Consumidor;Plataforma Web;SE;SP;Pontal;F;entre 21 a 30 anos;2025;12;15/12/2025;12/01/2026;12/01/2026;29/12/2025;2026-02-02;08/01/2026;14;14;Amazon.com.br;Comércio Eletrônico;Demais Produtos;Livros e papelaria (material didático, artigos de escritório, etc.);Entrega do Produto;Não entrega / demora na entrega do produto;Internet;S;S;Finalizada não avaliada;Não Avaliada;;Improcedente
Fundação de Proteção e Defesa do Consumidor;Plataforma Web;SE;SP;Bragança Paulista;F;entre 31 a 40 anos;2025;12;15/12/2025;12/01/2026;12/01/2026;29/12/2025;2026-02-02;08/01/2026;14;14;Amazon.com.br;Comércio Eletrônico;Produtos Eletrodomésticos e Eletrônicos;Acessório para eletroeletrônicos (pilhas, baterias etc);Contrato / Oferta;Venda casada;Ganhei de presente;N;S;Finalizada não avaliada;Não Avaliada;;Improcedente
Fundação de Proteção e Defesa do Consumidor;Plataforma Web;SE;SP;Guarulhos;F;entre 41 a 50 anos;2025;12;15/12/2025;12/01/2026;12/01/2026;29/12/2025;2026-02-02;08/01/2026;14;14;Banco Sofisa;Bancos, Financeiras e Administradoras de Cartão;Serviços Financeiros;Cartão de Crédito / Cartão de Débito / Cartão de Loja;Atendimento / SAC;SAC - Demanda não resolvida / não respondida / respondida após o prazo;Internet;S;S;Finalizada não avaliada;Não Avaliada;;Improcedente
Secretaria Nacional do Consumidor;Plataforma Web;NE;AL;Maceió;M;entre 41 a 50 anos;2025;12;15/12/2025;12/01/2026;12/01/2026;30/12/2025;2026-02-02;07/01/2026;13;15;Amazon.com.br;Comércio Eletrônico;Produtos Eletrodomésticos e Eletrônicos;Ar condicionado, ventilador e aquecedor;Entrega do Produto;Não entrega / demora na entrega do produto;Internet;S;S;Finalizada não avaliada;Não Avaliada;;Improcedente
Fundação de Proteção e Defesa do Consumidor;Plataforma Web;SE;SP;São Paulo;F;entre 31 a 40 anos;2025;12;15/12/2025;;12/01/2026;29/12/2025;2026-02-03;08/01/2026;14;;Amazon.com.br;Comércio Eletrônico;Produtos de Telefonia e Informática;Aparelho celular;Entrega do Produto;Produto entregue incompleto / diferente do  pedido;Internet;S;N;Finalizada não avaliada;Não Avaliada;;Improcedente
Fundação de Proteção e Defesa do Consumidor;Plataforma Web;SE;SP;São Paulo;F;entre 21 a 30 anos;2025;12;15/12/2025;12/01/2026;12/01/2026;29/12/2025;2026-02-02;08/01/2026;14;14;Amazon.com.br;Comércio Eletrônico;Produtos Eletrodomésticos e Eletrônicos;Acessório para eletroeletrônicos (pilhas, baterias etc);Contrato / Oferta;Venda casada;Internet;S;S;Finalizada não avaliada;Não Avaliada;;Improcedente
Secretaria Nacional do Consumidor;Plataforma Web;S ;RS;Esteio;M;entre 21 a 30 anos;2025;12;15/12/2025;12/01/2026;12/01/2026;30/12/2025;2026-02-02;07/01/2026;13;15;Amazon.com.br;Comércio Eletrônico;Demais Serviços ;Serviços na internet (provedor, hospedagem, aplicativos, streaming, jogos etc);Vício de Qualidade;Suspensão ou desligamento indevido do serviço;Internet;S;S;Finalizada não avaliada;Não Avaliada;;Improcedente
Departamento Estadual de Proteção e Defesa do Consumidor;Plataforma Web;S ;PR;Cambé;M;entre 31 a 40 anos;2025;12;15/12/2025;13/01/2026;13/01/2026;30/12/2025;2026-02-03;08/01/2026;14;15;Amazon.com.br;Comércio Eletrônico;Demais Serviços ;Serviços na internet (provedor, hospedagem, aplicativos, streaming, jogos etc);Cobrança / Contestação;Cobrança por serviço/produto não contratado / não reconhecido / não solicitado;Não comprei / contratei;S;S;Finalizada não avaliada;Não Avaliada;;Improcedente
Secretaria Nacional do Consumidor;Plataforma Web;S ;RS;Canoas;F;entre 41 a 50 anos;2025;12;15/12/2025;;12/01/2026;29/12/2025;2026-02-03;08/01/2026;14;;Amazon.com.br;Comércio Eletrônico;Produtos Eletrodomésticos e Eletrônicos;Eletroportáteis ( batedeira, liquidificador, umidificador, secador, cafeteira etc );Entrega do Produto;Não entrega / demora na entrega do produto;Internet;S;N;Finalizada não avaliada;Não Avaliada;;Improcedente
Secretaria Nacional do Consumidor;Plataforma Web;CO;MS;Três Lagoas;F;entre 31 a 40 anos;2025;12;15/12/2025;12/01/2026;12/01/2026;30/12/2025;2026-02-02;07/01/2026;13;15;Amazon.com.br;Comércio Eletrônico;Demais Serviços ;Serviços na internet (provedor, hospedagem, aplicativos, streaming, jogos etc);Cobrança / Contestação;Cobrança após cancelamento do serviço;Internet;S;S;Finalizada não avaliada;Não Avaliada;;Improcedente
Fundação de Proteção e Defesa do Consumidor;Plataforma Web;SE;SP;São Paulo;M;entre 41 a 50 anos;2025;12;15/12/2025;;12/01/2026;29/12/2025;2026-02-03;08/01/2026;14;;Amazon.com.br;Comércio Eletrônico;Demais Produtos;Esporte/Lazer/Festa (equipamento de ginástica, camping, náutica, caça, pesca, artigo esportivo, bicicleta, piscina, etc.);Contrato / Oferta;Oferta não cumprida / serviço não fornecido/ venda enganosa / publicidade enganosa;Internet;S;N;Finalizada não avaliada;Não Avaliada;;Improcedente
Superintendência de Proteção e Defesa do Consumidor do Estado da Bahia;Plataforma Web;NE;BA;Salvador;F;entre 41 a 50 anos;2025;12;15/12/2025;14/01/2026;14/01/2026;30/12/2025;2026-02-04;09/01/2026;15;15;RecargaPay;Empresas de Pagamento Eletrônico;Serviços Financeiros;Serviço de pagamento online/ via celular/ maquininha;Contrato / Oferta;Oferta não cumprida / serviço não fornecido/ venda enganosa / publicidade enganosa;Não comprei / contratei;S;S;Finalizada não avaliada;Não Avaliada;;Improcedente
Superintendência de Proteção e Defesa do Consumidor do Estado da Bahia;Plataforma Web;NE;BA;Salvador;M;entre 31 a 40 anos;2025;12;15/12/2025;14/01/2026;14/01/2026;30/12/2025;2026-02-04;09/01/2026;15;15;Amazon.com.br;Comércio Eletrônico;Produtos Eletrodomésticos e Eletrônicos;Aparelho de som, video e imagem ( Câmera, filmadora, dvd, home theater etc);Cobrança / Contestação;Dificuldade / atraso na devolução de valores pagos / reembolso / retenção de valores;Internet;S;S;Finalizada não avaliada;Não Avaliada;;Improcedente
Fundação de Proteção e Defesa do Consumidor;Plataforma Web;SE;SP;Carapicuíba;M;entre 31 a 40 anos;2025;12;15/12/2025;12/01/2026;12/01/2026;29/12/2025;2026-02-02;08/01/2026;14;14;Amazon.com.br;Comércio Eletrônico;Produtos Eletrodomésticos e Eletrônicos;Fogão, microondas, forno elétrico, depurador de ar e coifa;Contrato / Oferta;Oferta não cumprida / serviço não fornecido/ venda enganosa / publicidade enganosa;Internet;N;S;Finalizada não avaliada;Não Avaliada;;Improcedente
Fundação de Proteção e Defesa do Consumidor;Plataforma Web;SE;SP;Espírito Santo do Pinhal;M;entre 31 a 40 anos;2025;12;15/12/2025;13/01/2026;13/01/2026;29/12/2025;2026-02-03;09/01/2026;15;14;Amazon.com.br;Comércio Eletrônico;Demais Serviços ;Serviços na internet (provedor, hospedagem, aplicativos, streaming, jogos etc);Cobrança / Contestação;Cobrança após cancelamento do serviço;Internet;N;S;Finalizada não avaliada;Não Avaliada;;Improcedente
Fundação de Proteção e Defesa do Consumidor;Plataforma Web;SE;SP;Taboão da Serra;F;entre 31 a 40 anos;2025;12;15/12/2025;;13/01/2026;29/12/2025;2026-02-04;09/01/2026;15;;Amazon.com.br;Comércio Eletrônico;Demais Produtos;Produtos para crianças (carrinho, brinquedos, cadeira, vestuário, mamadeira, etc);Contrato / Oferta;Oferta não cumprida / serviço não fornecido/ venda enganosa / publicidade enganosa;Internet;S;N;Finalizada não avaliada;Não Avaliada;;Improcedente
Programa Estadual de Proteção e Defesa do Consumidor do Ministério Público da Paraíba;Plataforma Web;NE;PB;João Pessoa;M;entre 31 a 40 anos;2025;12;15/12/2025;;12/01/2026;29/12/2025;2026-02-03;08/01/2026;14;;Amazon.com.br;Comércio Eletrônico;Produtos de Telefonia e Informática;Tablet;Contrato / Oferta;Venda casada (garantia estendida, seguro, cursos etc);Internet;S;N;Finalizada não avaliada;Não Avaliada;;Improcedente
Superintendência de Proteção e Defesa do Consumidor do Estado da Bahia;Plataforma Web;NE;BA;Paulo Afonso;M;entre 21 a 30 anos;2025;12;15/12/2025;14/01/2026;14/01/2026;30/12/2025;2026-02-04;09/01/2026;15;15;Amazon.com.br;Comércio Eletrônico;Demais Produtos;Instrumentos e acessórios musicais;Cobrança / Contestação;Dificuldade / atraso na devolução de valores pagos / reembolso / retenção de valores;Internet;S;S;Finalizada não avaliada;Não Avaliada;;Improcedente
Secretaria Nacional do Consumidor;Plataforma Web;S ;RS;Sapucaia do Sul;M;entre 21 a 30 anos;2025;12;16/12/2025;12/01/2026;12/01/2026;30/12/2025;2026-02-02;08/01/2026;13;14;Amazon.com.br;Comércio Eletrônico;Produtos Eletrodomésticos e Eletrônicos;Eletroportáteis ( batedeira, liquidificador, umidificador, secador, cafeteira etc );Vício de Qualidade;Produto danificado / não funciona - Dificuldade em trocar ou consertar no prazo de garantia;Internet;S;S;Finalizada não avaliada;Não Avaliada;;Improcedente
Fundação de Proteção e Defesa do Consumidor;Plataforma Web;SE;SP;São Paulo;F;até 20 anos;2025;12;16/12/2025;14/01/2026;14/01/2026;31/12/2025;2026-02-04;09/01/2026;14;15;Amazon.com.br;Comércio Eletrônico;Produtos Eletrodomésticos e Eletrônicos;Aparelho de som, video e imagem ( Câmera, filmadora, dvd, home theater etc);Entrega do Produto;Produto entregue incompleto / diferente do  pedido;Internet;S;S;Finalizada não avaliada;Não Avaliada;;Improcedente
Secretaria Nacional do Consumidor;Plataforma Web;NE;AL;Maceió;F;entre 41 a 50 anos;2025;12;16/12/2025;12/01/2026;12/01/2026;30/12/2025;2026-02-01;08/01/2026;13;14;Amazon.com.br;Comércio Eletrônico;Produtos Eletrodomésticos e Eletrônicos;Lavadora de roupa, louça e secadora;Cobrança / Contestação;Dificuldade / atraso na devolução de valores pagos / reembolso / retenção de valores;Internet;S;S;Finalizada avaliada;Não Resolvida;1;Improcedente
Fundação de Proteção e Defesa do Consumidor;Plataforma Web;SE;SP;São Paulo;F;entre 31 a 40 anos;2025;12;16/12/2025;;14/01/2026;31/12/2025;2026-02-05;09/01/2026;14;;Amazon.com.br;Comércio Eletrônico;Produtos Eletrodomésticos e Eletrônicos;Aparelho de som, video e imagem ( Câmera, filmadora, dvd, home theater etc);Cobrança / Contestação;Cobrança adicional não informada previamente (frete, montagem, taxas);Internet;S;N;Finalizada não avaliada;Não Avaliada;;Improcedente
Secretaria Nacional do Consumidor;Plataforma Web;N ;TO;Palmas;M;entre 21 a 30 anos;2025;12;16/12/2025;12/01/2026;12/01/2026;30/12/2025;2026-02-02;08/01/2026;13;14;Amazon.com.br;Comércio Eletrônico;Produtos Eletrodomésticos e Eletrônicos;Fogão, microondas, forno elétrico, depurador de ar e coifa;Vício de Qualidade;Produto danificado / não funciona - Falta de assistência técnica / falta de informações sobre assistência técnica;Internet;S;S;Finalizada não avaliada;Não Avaliada;;Improcedente
Secretaria Nacional do Consumidor;Plataforma Web;NE;AL;Maceió;F;entre 41 a 50 anos;2025;12;16/12/2025;12/01/2026;12/01/2026;30/12/2025;2026-02-02;08/01/2026;13;14;Amazon.com.br;Comércio Eletrônico;Produtos de Telefonia e Informática;Acessórios e periféricos (monitor, impressora, pendrive, hd externo, cd dvd, outras midias, roteador, software, scanner etc);Cobrança / Contestação;Dificuldade / atraso na devolução de valores pagos / reembolso / retenção de valores;Internet;S;S;Finalizada não avaliada;Não Avaliada;;Improcedente
Secretaria Nacional do Consumidor;Plataforma Web;N ;TO;Araguaína;M;entre 21 a 30 anos;2025;12;16/12/2025;;13/01/2026;31/12/2025;2026-02-04;08/01/2026;13;;Amazon.com.br;Comércio Eletrônico;Demais Produtos;Utilidades Domésticas e Decoração (para limpeza, cozinha, cama, mesa e banho, tapetes, cortinas, persianas, jardinagem etc);Entrega do Produto;Não entrega / demora na entrega do produto;Internet;S;N;Finalizada não avaliada;Não Avaliada;;Improcedente
Instituto Estadual de Proteção e Defesa do Consumidor;Plataforma Web;SE;ES;São Mateus;F;entre 61 a 70 anos;2025;12;16/12/2025;;12/01/2026;30/12/2025;2026-02-03;08/01/2026;13;;Banco Inbursa;Bancos, Financeiras e Administradoras de Cartão;Serviços Financeiros;Atendimento Bancário;Cobrança / Contestação;Cobrança indevida / abusiva para alterar ou cancelar o contrato;Não comprei / contratei;S;N;Finalizada não avaliada;Não Avaliada;;Improcedente
Superintendência de Proteção e Defesa do Consumidor do Estado da Bahia;Plataforma Web;NE;BA;Barreiras;F;entre 51 a 60 anos;2025;12;16/12/2025;;14/01/2026;30/12/2025;2026-02-05;10/01/2026;15;;Amazon.com.br;Comércio Eletrônico;Demais Produtos;Livros e papelaria (material didático, artigos de escritório, etc.);Entrega do Produto;Não entrega / demora na entrega do produto;Internet;S;N;Finalizada não avaliada;Não Avaliada;;Improcedente
Fundação de Proteção e Defesa do Consumidor;Plataforma Web;SE;SP;São Paulo;M;entre 31 a 40 anos;2025;12;16/12/2025;14/01/2026;14/01/2026;31/12/2025;2026-02-04;09/01/2026;14;15;Amazon.com.br;Comércio Eletrônico;Produtos Eletrodomésticos e Eletrônicos;Aparelho de som, video e imagem ( Câmera, filmadora, dvd, home theater etc);Entrega do Produto;Não entrega / demora na entrega do produto;Internet;S;S;Finalizada não avaliada;Não Avaliada;;Improcedente
Departamento Estadual de Proteção e Defesa do Consumidor;Plataforma Web;S ;PR;Maringá;M;entre 21 a 30 anos;2025;12;16/12/2025;13/01/2026;13/01/2026;30/12/2025;2026-02-03;09/01/2026;14;14;Sicredi;Bancos, Financeiras e Administradoras de Cartão;Serviços Financeiros;Cartão de Crédito / Cartão de Débito / Cartão de Loja;Cobrança / Contestação;Cálculo de juros, saldo devedor (contestação, solicitação de histórico, dúvidas);Loja física;S;S;Finalizada não avaliada;Não Avaliada;;Improcedente
Secretaria Nacional do Consumidor;Plataforma Web;N ;PA;Oriximiná;M;entre 31 a 40 anos;2025;12;16/12/2025;12/01/2026;12/01/2026;31/12/2025;2026-02-02;07/01/2026;12;15;Amazon.com.br;Comércio Eletrônico;Demais Produtos;Esporte/Lazer/Festa (equipamento de ginástica, camping, náutica, caça, pesca, artigo esportivo, bicicleta, piscina, etc.);Atendimento / SAC;Dificuldade de contato / demora no atendimento;Internet;S;S;Finalizada não avaliada;Não Avaliada;;Improcedente
Fundação de Proteção e Defesa do Consumidor;Plataforma Web;SE;SP;José Bonifácio;M;entre 41 a 50 anos;2025;12;16/12/2025;12/01/2026;05/01/2026;18/12/2025;2026-02-02;13/01/2026;18;9;PicPay;Empresas de Pagamento Eletrônico;Serviços Financeiros;Cartão de Crédito / Cartão de Débito / Cartão de Loja;Cobrança / Contestação;Cálculo de juros, saldo devedor (contestação, solicitação de histórico, dúvidas);Internet;S;S;Finalizada não avaliada;Não Avaliada;;Improcedente
Fundação de Proteção e Defesa do Consumidor;Plataforma Web;SE;SP;São Paulo;M;entre 41 a 50 anos;2025;12;16/12/2025;14/01/2026;14/01/2026;31/12/2025;2026-02-04;09/01/2026;14;15;Amazon.com.br;Comércio Eletrônico;Produtos Eletrodomésticos e Eletrônicos;Refrigerador / freezer;Entrega do Produto;Não entrega / demora na entrega do produto;Internet;S;S;Finalizada não avaliada;Não Avaliada;;Improcedente
Secretaria Nacional do Consumidor;Plataforma Web;NE;MA;Paço do Lumiar;F;entre 41 a 50 anos;2025;12;16/12/2025;12/01/2026;12/01/2026;31/12/2025;2026-02-02;07/01/2026;12;15;Amazon.com.br;Comércio Eletrônico;Demais Serviços ;Serviços na internet (provedor, hospedagem, aplicativos, streaming, jogos etc);Cobrança / Contestação;Renegociação / parcelamento de dívida;Internet;S;S;Finalizada não avaliada;Não Avaliada;;Improcedente
Fundação de Proteção e Defesa do Consumidor;Plataforma Web;SE;SP;São Paulo;M;entre 21 a 30 anos;2025;12;16/12/2025;;05/01/2026;17/12/2025;2026-02-05;14/01/2026;19;;Fast Shop;Varejo;Produtos Eletrodomésticos e Eletrônicos;Ar condicionado, ventilador e aquecedor;Cobrança / Contestação;Não envio / atraso do boleto ou fatura / dificuldade com o pagamento;Internet;S;N;Finalizada não avaliada;Não Avaliada;;Improcedente
Secretaria Nacional do Consumidor;Plataforma Web;S ;RS;Porto Alegre;F;entre 31 a 40 anos;2025;12;16/12/2025;12/01/2026;12/01/2026;31/12/2025;2026-02-02;07/01/2026;12;15;Amazon.com.br;Comércio Eletrônico;Demais Produtos;Perfumaria, cosméticos e higiene pessoal;Entrega do Produto;Não entrega / demora na entrega do produto;Internet;S;S;Finalizada não avaliada;Não Avaliada;;Improcedente
Departamento Estadual de Proteção e Defesa do Consumidor;Plataforma Web;S ;PR;Colombo;F;até 20 anos;2025;12;16/12/2025;13/01/2026;13/01/2026;31/12/2025;2026-02-03;08/01/2026;13;15;Amazon.com.br;Comércio Eletrônico;Produtos Eletrodomésticos e Eletrônicos;Eletroportáteis ( batedeira, liquidificador, umidificador, secador, cafeteira etc );Cobrança / Contestação;Dificuldade / atraso na devolução de valores pagos / reembolso / retenção de valores;Internet;S;S;Finalizada não avaliada;Não Avaliada;;Improcedente
Secretaria Nacional do Consumidor;Plataforma Web;CO;DF;Brasília;M;entre 31 a 40 anos;2025;12;16/12/2025;;12/01/2026;30/12/2025;2026-02-03;08/01/2026;13;;Cartões Itaú;Bancos, Financeiras e Administradoras de Cartão;Serviços Financeiros;Cartão de Crédito / Cartão de Débito / Cartão de Loja;Cobrança / Contestação;Renegociação / parcelamento de dívida;Internet;S;N;Finalizada não avaliada;Não Avaliada;;Improcedente
Secretaria Nacional do Consumidor;Plataforma Web;NE;AL;Maceió;F;entre 21 a 30 anos;2025;12;16/12/2025;12/01/2026;12/01/2026;30/12/2025;2026-02-02;08/01/2026;13;14;Amazon.com.br;Comércio Eletrônico;Produtos de Telefonia e Informática;Microcomputador e laptops;Cobrança / Contestação;Dificuldade / atraso na devolução de valores pagos / reembolso / retenção de valores;Internet;S;S;Finalizada não avaliada;Não Avaliada;;Improcedente
Fundação de Proteção e Defesa do Consumidor;Plataforma Web;SE;SP;São Paulo;M;entre 21 a 30 anos;2025;12;16/12/2025;12/01/2026;05/01/2026;18/12/2025;2026-02-02;13/01/2026;18;9;PicPay;Empresas de Pagamento Eletrônico;Serviços Financeiros;Atendimento Bancário;Dados Pessoais e Privacidade;Dificuldade de reclamar ou de obter tratamento a reclamação sobre dados pessoais ou financeiros;Internet;S;S;Finalizada não avaliada;Não Avaliada;;Improcedente
Fundação de Proteção e Defesa do Consumidor;Plataforma Web;SE;SP;Praia Grande;M;entre 31 a 40 anos;2025;12;16/12/2025;12/01/2026;05/01/2026;17/12/2025;2026-02-02;14/01/2026;19;8;Fast Shop;Varejo;Produtos Eletrodomésticos e Eletrônicos;Ar condicionado, ventilador e aquecedor;Cobrança / Contestação;Dificuldade / atraso na devolução de valores pagos / reembolso / retenção de valores;Internet;S;S;Finalizada não avaliada;Não Avaliada;;Improcedente
Fundação de Proteção e Defesa do Consumidor;Plataforma Web;SE;SP;São Paulo;M;até 20 anos;2025;12;16/12/2025;12/01/2026;12/01/2026;29/12/2025;2026-02-02;09/01/2026;14;13;99App;Empresas de Intermediação de Serviços / Negócios;Demais Serviços ;Aplicativo de mobilidade urbana;Cobrança / Contestação;Dificuldade / atraso na devolução de valores pagos / reembolso / retenção de valores;Internet;S;S;Finalizada não avaliada;Não Avaliada;;Improcedente
Fundação de Proteção e Defesa do Consumidor;Plataforma Web;SE;SP;Jales;M;entre 21 a 30 anos;2025;12;16/12/2025;14/01/2026;14/01/2026;31/12/2025;2026-02-04;09/01/2026;14;15;Amazon.com.br;Comércio Eletrônico;Produtos Eletrodomésticos e Eletrônicos;Ar condicionado, ventilador e aquecedor;Cobrança / Contestação;Dificuldade / atraso na devolução de valores pagos / reembolso / retenção de valores;Internet;S;S;Finalizada não avaliada;Não Avaliada;;Improcedente
Secretaria Nacional do Consumidor;Plataforma Web;S ;RS;Turuçu;M;entre 21 a 30 anos;2025;12;16/12/2025;12/01/2026;12/01/2026;30/12/2025;2026-02-02;08/01/2026;13;14;Sicredi;Bancos, Financeiras e Administradoras de Cartão;Serviços Financeiros;Serviço de pagamento online/ via celular/ maquininha;Dados Pessoais e Privacidade;Vazamento de dados ou outros incidentes de segurança (acessos não autorizados e situações acidentais ou ilícitas de destruição, perda, alteração, comunicação ou tratamento inadequado ou ilícito);Internet;N;S;Finalizada não avaliada;Não Avaliada;;Improcedente
Fundação de Proteção e Defesa do Consumidor;Plataforma Web;SE;SP;São Paulo;F;entre 41 a 50 anos;2025;12;16/12/2025;;14/01/2026;31/12/2025;2026-02-05;09/01/2026;14;;Amazon.com.br;Comércio Eletrônico;Produtos de Telefonia e Informática;Aparelho celular;Entrega do Produto;Não entrega / demora na entrega do produto;Internet;S;N;Finalizada não avaliada;Não Avaliada;;Improcedente
Secretaria Nacional do Consumidor;Plataforma Web;CO;DF;Brasília;M;entre 21 a 30 anos;2025;12;16/12/2025;;12/01/2026;30/12/2025;2026-02-03;08/01/2026;13;;C6 Bank;Bancos, Financeiras e Administradoras de Cartão;Serviços Financeiros;Crédito Pessoal e Demais Empréstimos (exceto financiamento de imóveis e veículos);Cobrança / Contestação;Renegociação / parcelamento de dívida;Internet;S;N;Finalizada não avaliada;Não Avaliada;;Improcedente
Fundação de Proteção e Defesa do Consumidor;Plataforma Web;SE;SP;Taquaritinga;M;entre 21 a 30 anos;2025;12;16/12/2025;14/01/2026;14/01/2026;31/12/2025;2026-02-04;09/01/2026;14;15;Amazon.com.br;Comércio Eletrônico;Produtos de Telefonia e Informática;Aparelho celular;Vício de Qualidade;Embalagem danificada / violada;Internet;S;S;Finalizada não avaliada;Não Avaliada;;Improcedente
Superintendência de Proteção e Defesa do Consumidor do Estado da Bahia;Plataforma Web;NE;BA;Salvador;F;entre 21 a 30 anos;2025;12;16/12/2025;14/01/2026;14/01/2026;30/12/2025;2026-02-04;10/01/2026;15;14;Facebook / Instagram;Provedores de Conteúdo e Outros Serviços na Internet;Demais Serviços ;Serviços na internet (provedor, hospedagem, aplicativos, streaming, jogos etc);Dados Pessoais e Privacidade;Vazamento de dados ou outros incidentes de segurança (acessos não autorizados e situações acidentais ou ilícitas de destruição, perda, alteração, comunicação ou tratamento inadequado ou ilícito);Internet;S;S;Finalizada não avaliada;Não Avaliada;;Improcedente
Departamento Estadual de Proteção e Defesa do Consumidor;Plataforma Web;S ;PR;Curitiba;M;entre 31 a 40 anos;2025;12;16/12/2025;;13/01/2026;31/12/2025;2026-02-04;08/01/2026;13;;Amazon.com.br;Comércio Eletrônico;Demais Produtos;Móveis e Colchões;Contrato / Oferta;Recusa em cancelar compra/serviço no prazo de arrependimento (compra fora do estabelecimento);Internet;S;N;Finalizada não avaliada;Não Avaliada;;Improcedente
Fundação de Proteção e Defesa do Consumidor;Plataforma Web;SE;SP;São Paulo;F;entre 21 a 30 anos;2025;12;16/12/2025;;13/01/2026;29/12/2025;2026-02-04;10/01/2026;15;;Casas Bahia;Varejo;Produtos de Telefonia e Informática;Aparelho celular;Contrato / Oferta;Venda casada (garantia estendida, seguro, cursos etc);Loja física;S;N;Finalizada não avaliada;Não Avaliada;;Improcedente
Fundação de Proteção e Defesa do Consumidor;Plataforma Web;SE;SP;Itapevi;F;entre 41 a 50 anos;2025;12;16/12/2025;12/01/2026;05/01/2026;18/12/2025;2026-02-02;13/01/2026;18;9;Cartões Itaú;Bancos, Financeiras e Administradoras de Cartão;Serviços Financeiros;Cartão de Crédito / Cartão de Débito / Cartão de Loja;Cobrança / Contestação;Cálculo de juros, saldo devedor (contestação, solicitação de histórico, dúvidas);Loja física;S;S;Finalizada não avaliada;Não Avaliada;;Improcedente
Secretaria Nacional do Consumidor;Plataforma Web;S ;RS;Serafina Corrêa;F;entre 21 a 30 anos;2025;12;16/12/2025;12/01/2026;12/01/2026;29/12/2025;2026-02-02;09/01/2026;14;13;Amazon.com.br;Comércio Eletrônico;Demais Produtos;Livros e papelaria (material didático, artigos de escritório, etc.);Atendimento / SAC;Dificuldade de contato / demora no atendimento;Internet;S;S;Finalizada não avaliada;Não Avaliada;;Improcedente
Fundação de Proteção e Defesa do Consumidor;Plataforma Web;SE;SP;Sorocaba;M;entre 21 a 30 anos;2025;12;16/12/2025;;14/01/2026;31/12/2025;2026-02-05;09/01/2026;14;;Amazon.com.br;Comércio Eletrônico;Produtos de Telefonia e Informática;Acessórios e periféricos (monitor, impressora, pendrive, hd externo, cd dvd, outras midias, roteador, software, scanner etc);Contrato / Oferta;Oferta não cumprida / serviço não fornecido/ venda enganosa / publicidade enganosa;Internet;S;N;Finalizada não avaliada;Não Avaliada;;Improcedente
Secretaria Nacional do Consumidor;Plataforma Web;S ;RS;Morro Redondo;F;entre 51 a 60 anos;2025;12;16/12/2025;12/01/2026;12/01/2026;30/12/2025;2026-02-02;08/01/2026;13;14;Tim;Operadoras de Telecomunicações (Telefonia, Internet, TV por assinatura);Telecomunicações;Pacote de Serviços ( Combo );Cobrança / Contestação;Cobrança indevida / abusiva para alterar ou cancelar o contrato;Loja física;S;S;Finalizada não avaliada;Não Avaliada;;Improcedente
Departamento Estadual de Proteção e Defesa do Consumidor;Plataforma Web;S ;PR;Curitiba;F;entre 31 a 40 anos;2025;12;16/12/2025;13/01/2026;13/01/2026;30/12/2025;2026-02-03;09/01/2026;14;14;Avianca - Voos internacionais;Transporte Aéreo;Transportes;Aéreo;Contrato / Oferta;Oferta não cumprida / serviço não fornecido/ venda enganosa / publicidade enganosa;Internet;S;S;Finalizada não avaliada;Não Avaliada;;Improcedente
Superintendência de Proteção e Defesa do Consumidor do Estado da Bahia;Plataforma Web;NE;BA;Salvador;M;entre 31 a 40 anos;2025;12;16/12/2025;14/01/2026;14/01/2026;30/12/2025;2026-02-04;10/01/2026;15;14;99App;Empresas de Intermediação de Serviços / Negócios;Demais Serviços ;Aplicativo de mobilidade urbana;Cobrança / Contestação;Dificuldade / atraso na devolução de valores pagos / reembolso / retenção de valores;Internet;S;S;Finalizada não avaliada;Não Avaliada;;Improcedente
Fundação de Proteção e Defesa do Consumidor;Plataforma Web;SE;SP;São Paulo;M;entre 31 a 40 anos;2025;12;16/12/2025;;14/01/2026;31/12/2025;2026-02-05;09/01/2026;14;;Amazon.com.br;Comércio Eletrônico;Demais Produtos;Instrumentos e acessórios musicais;Entrega do Produto;Não entrega / demora na entrega do produto;Internet;S;N;Finalizada não avaliada;Não Avaliada;;Improcedente
Fundação de Proteção e Defesa do Consumidor;Plataforma Web;SE;SP;Sorocaba;F;entre 61 a 70 anos;2025;12;16/12/2025;13/01/2026;13/01/2026;29/12/2025;2026-02-03;10/01/2026;15;13;Amazon.com.br;Comércio Eletrônico;Produtos de Telefonia e Informática;Aparelho celular;Entrega do Produto;Produto entregue incompleto / diferente do  pedido;Internet;S;S;Finalizada não avaliada;Não Avaliada;;Improcedente
Fundação de Proteção e Defesa do Consumidor;Plataforma Web;SE;SP;São Paulo;M;entre 51 a 60 anos;2025;12;17/12/2025;15/01/2026;15/01/2026;31/12/2025;2026-02-05;11/01/2026;15;14;Mercado Pago;Empresas de Pagamento Eletrônico;Serviços Financeiros;Crédito Pessoal e Demais Empréstimos (exceto financiamento de imóveis e veículos);Cobrança / Contestação;Negativação indevida referente à pagamento já efetuado;Internet;S;S;Finalizada não avaliada;Não Avaliada;;Improcedente
Secretaria Nacional do Consumidor;Plataforma Web;CO;DF;Brasília;M;entre 41 a 50 anos;2025;12;17/12/2025;;12/01/2026;29/12/2025;2026-02-03;10/01/2026;14;;Amazon.com.br;Comércio Eletrônico;Demais Produtos;Veículos ? Peças e Acessórios (roda, pneu, rádio, farol, etc.);Contrato / Oferta;Oferta não cumprida / serviço não fornecido/ venda enganosa / publicidade enganosa;Internet;N;N;Finalizada não avaliada;Não Avaliada;;Improcedente
Departamento Estadual de Proteção e Defesa do Consumidor;Plataforma Web;S ;PR;Curitiba;F;entre 31 a 40 anos;2025;12;17/12/2025;;13/01/2026;30/12/2025;2026-02-04;10/01/2026;14;;Amazon.com.br;Comércio Eletrônico;Demais Produtos;Perfumaria, cosméticos e higiene pessoal;Vício de Qualidade;Embalagem danificada / violada;Internet;S;N;Finalizada não avaliada;Não Avaliada;;Improcedente
Departamento Estadual de Proteção e Defesa do Consumidor;Plataforma Web;S ;PR;Curitiba;F;entre 31 a 40 anos;2025;12;17/12/2025;;13/01/2026;30/12/2025;2026-02-04;10/01/2026;14;;Amazon.com.br;Comércio Eletrônico;Demais Serviços ;Serviços na internet (provedor, hospedagem, aplicativos, streaming, jogos etc);Cobrança / Contestação;Cobrança após cancelamento do serviço;Não comprei / contratei;S;N;Finalizada não avaliada;Não Avaliada;;Improcedente
Secretaria Nacional do Consumidor;Plataforma Web;CO;DF;Brasília;F;entre 31 a 40 anos;2025;12;17/12/2025;;12/01/2026;30/12/2025;2026-02-03;09/01/2026;13;;Amazon.com.br;Comércio Eletrônico;Produtos de Telefonia e Informática;Microcomputador e laptops;Contrato / Oferta;Oferta não cumprida / serviço não fornecido/ venda enganosa / publicidade enganosa;Internet;S;N;Finalizada não avaliada;Não Avaliada;;Improcedente
Fundação de Proteção e Defesa do Consumidor;Plataforma Web;SE;SP;Santo André;M;até 20 anos;2025;12;17/12/2025;;13/01/2026;29/12/2025;2026-02-04;11/01/2026;15;;Netshoes;Comércio Eletrônico;Demais Produtos;Vestuário e Artigos de Uso Pessoal (roupa, calçados, jóias, bijuterias, malas, bolsas, etc);Entrega do Produto;Não entrega / demora na entrega do produto;Internet;S;N;Finalizada não avaliada;Não Avaliada;;Improcedente
Fundação de Proteção e Defesa do Consumidor;Plataforma Web;SE;SP;Salto;M;entre 31 a 40 anos;2025;12;17/12/2025;12/01/2026;05/01/2026;18/12/2025;2026-02-02;14/01/2026;18;8;PicPay;Empresas de Pagamento Eletrônico;Serviços Financeiros;Cartão de Crédito / Cartão de Débito / Cartão de Loja;Cobrança / Contestação;Cobrança por serviço/produto não contratado / não reconhecido / não solicitado;Não comprei / contratei;N;S;Finalizada não avaliada;Não Avaliada;;Improcedente
Programa Estadual de Proteção e Defesa do Consumidor do Ministério Público da Paraíba;Plataforma Web;NE;PB;Patos;F;entre 41 a 50 anos;2025;12;17/12/2025;12/01/2026;12/01/2026;29/12/2025;2026-02-02;10/01/2026;14;12;Banco BV (antigo Banco Votorantim);Bancos, Financeiras e Administradoras de Cartão;Serviços Financeiros;Financiamentos de Veículos / Leasing;Cobrança / Contestação;Cálculo de juros, saldo devedor (contestação, solicitação de histórico, dúvidas);Loja física;N;S;Finalizada não avaliada;Não Avaliada;;Improcedente
Secretaria Nacional do Consumidor;Plataforma Web;NE;SE;Aracaju;M;entre 41 a 50 anos;2025;12;17/12/2025;13/01/2026;13/01/2026;30/12/2025;2026-02-01;10/01/2026;14;13;Amazon.com.br;Comércio Eletrônico;Produtos de Telefonia e Informática;Aparelho celular;Contrato / Oferta;Oferta não cumprida / serviço não fornecido/ venda enganosa / publicidade enganosa;Internet;S;S;Finalizada avaliada;Não Resolvida;1;Improcedente
Secretaria Nacional do Consumidor;Plataforma Web;CO;DF;Brasília;F;entre 31 a 40 anos;2025;12;17/12/2025;13/01/2026;13/01/2026;30/12/2025;2026-02-03;10/01/2026;14;13;Amazon.com.br;Comércio Eletrônico;Demais Produtos;Vestuário e Artigos de Uso Pessoal (roupa, calçados, jóias, bijuterias, malas, bolsas, etc);Cobrança / Contestação;Dificuldade / atraso na devolução de valores pagos / reembolso / retenção de valores;Internet;S;S;Finalizada não avaliada;Não Avaliada;;Improcedente
Secretaria Nacional do Consumidor;Plataforma Web;S ;RS;Pelotas;M;entre 31 a 40 anos;2025;12;17/12/2025;13/01/2026;13/01/2026;30/12/2025;2026-02-03;10/01/2026;14;13;Amazon.com.br;Comércio Eletrônico;Demais Produtos;Livros e papelaria (material didático, artigos de escritório, etc.);Contrato / Oferta;Oferta não cumprida / serviço não fornecido/ venda enganosa / publicidade enganosa;Internet;S;S;Finalizada não avaliada;Não Avaliada;;Improcedente
Instituto Estadual de Proteção e Defesa do Consumidor;Plataforma Web;SE;ES;Santa Teresa;M;entre 21 a 30 anos;2025;12;17/12/2025;13/01/2026;13/01/2026;30/12/2025;2026-02-03;10/01/2026;14;13;Amazon.com.br;Comércio Eletrônico;Demais Serviços ;Serviços na internet (provedor, hospedagem, aplicativos, streaming, jogos etc);Contrato / Oferta;Alteração de plano/contrato sem solicitação ou aviso prévio;Internet;N;S;Finalizada não avaliada;Não Avaliada;;Improcedente
Fundação de Proteção e Defesa do Consumidor;Plataforma Web;SE;SP;São Paulo;M;mais de 70 anos;2025;12;17/12/2025;12/01/2026;12/01/2026;29/12/2025;2026-02-02;10/01/2026;14;12;Banco BV (antigo Banco Votorantim);Bancos, Financeiras e Administradoras de Cartão;Serviços Financeiros;Demais Seguros;Cobrança / Contestação;Cobrança por serviço/produto não contratado / não reconhecido / não solicitado;Loja física;S;S;Finalizada não avaliada;Não Avaliada;;Improcedente
Fundação de Proteção e Defesa do Consumidor;Plataforma Web;SE;SP;Cerqueira César;M;entre 21 a 30 anos;2025;12;17/12/2025;;12/01/2026;30/12/2025;2026-02-03;09/01/2026;13;;Casas Bahia;Varejo;Produtos Eletrodomésticos e Eletrônicos;Aparelho de som, video e imagem ( Câmera, filmadora, dvd, home theater etc);Cobrança / Contestação;Cobrança por serviço/produto não contratado / não reconhecido / não solicitado;Loja física;S;N;Finalizada não avaliada;Não Avaliada;;Improcedente
Secretaria Nacional do Consumidor;Plataforma Web;CO;DF;Brasília;M;entre 31 a 40 anos;2025;12;17/12/2025;13/01/2026;13/01/2026;30/12/2025;2026-02-03;10/01/2026;14;13;Amazon.com.br;Comércio Eletrônico;Produtos Eletrodomésticos e Eletrônicos;Aparelho de som, video e imagem ( Câmera, filmadora, dvd, home theater etc);Entrega do Produto;Não entrega / demora na entrega do produto;Internet;S;S;Finalizada não avaliada;Não Avaliada;;Improcedente
Secretaria Nacional do Consumidor;Plataforma Web;NE;RN;Natal;M;entre 21 a 30 anos;2025;12;17/12/2025;;12/01/2026;31/12/2025;2026-02-03;08/01/2026;12;;Tim;Operadoras de Telecomunicações (Telefonia, Internet, TV por assinatura);Telecomunicações;Internet Móvel;Cobrança / Contestação;Cobrança indevida / abusiva para alterar ou cancelar o contrato;Loja física;S;N;Finalizada não avaliada;Não Avaliada;;Improcedente
Secretaria Nacional do Consumidor;Plataforma Web;NE;RN;Monte Alegre;M;entre 61 a 70 anos;2025;12;17/12/2025;;09/01/2026;26/12/2025;2026-02-01;10/01/2026;14;;Banco Mercantil do Brasil;Bancos, Financeiras e Administradoras de Cartão;Serviços Financeiros;Crédito Consignado / Cartão de Crédito Consignado / RMC (para beneficiários do INSS);Contrato / Oferta;Não entrega do contrato ou documentação relacionada ao serviço;Telefone;S;N;Finalizada não avaliada;Não Avaliada;;Improcedente
Superintendência de Proteção e Defesa do Consumidor do Estado da Bahia;Plataforma Web;NE;BA;Feira de Santana;M;entre 21 a 30 anos;2025;12;17/12/2025;14/01/2026;14/01/2026;30/12/2025;2026-02-04;11/01/2026;15;13;Facebook / Instagram;Provedores de Conteúdo e Outros Serviços na Internet;Demais Serviços ;Serviços na internet (provedor, hospedagem, aplicativos, streaming, jogos etc);Dados Pessoais e Privacidade;Vazamento de dados ou outros incidentes de segurança (acessos não autorizados e situações acidentais ou ilícitas de destruição, perda, alteração, comunicação ou tratamento inadequado ou ilícito);Internet;N;S;Finalizada não avaliada;Não Avaliada;;Improcedente
Superintendência de Proteção e Defesa do Consumidor do Estado da Bahia;Plataforma Web;NE;BA;Itaberaba;M;entre 21 a 30 anos;2025;12;17/12/2025;;14/01/2026;30/12/2025;2026-02-05;11/01/2026;15;;Will Bank;Bancos, Financeiras e Administradoras de Cartão;Serviços Financeiros;Atendimento Bancário;Cobrança / Contestação;Cobrança indevida / abusiva para alterar ou cancelar o contrato;Não comprei / contratei;S;N;Finalizada não avaliada;Não Avaliada;;Improcedente
Secretaria Nacional do Consumidor;Plataforma Web;N ;AM;Manaus;M;entre 31 a 40 anos;2025;12;17/12/2025;;09/01/2026;26/12/2025;2026-02-01;10/01/2026;14;;Cardif Seguros e Garantias;Seguros, Capitalização e Previdência;Serviços Financeiros;Demais Seguros;Atendimento / SAC;SAC - Dificuldade de contato / acesso;Loja física;S;N;Finalizada não avaliada;Não Avaliada;;Improcedente
Fundação de Proteção e Defesa do Consumidor;Plataforma Web;SE;SP;São Paulo;F;entre 21 a 30 anos;2025;12;17/12/2025;13/01/2026;13/01/2026;29/12/2025;2026-02-03;11/01/2026;15;12;Amazon.com.br;Comércio Eletrônico;Produtos de Telefonia e Informática;Aparelho celular;Entrega do Produto;Produto entregue incompleto / diferente do  pedido;Internet;S;S;Finalizada não avaliada;Não Avaliada;;Improcedente
Departamento Estadual de Proteção e Defesa do Consumidor;Plataforma Web;S ;PR;Joaquim Távora;F;entre 51 a 60 anos;2025;12;17/12/2025;;06/01/2026;22/12/2025;2026-02-02;11/01/2026;15;;Cardif Seguros e Garantias;Seguros, Capitalização e Previdência;Serviços Financeiros;Demais Seguros;Cobrança / Contestação;Cobrança por serviço/produto não contratado / não reconhecido / não solicitado;Loja física;S;N;Finalizada não avaliada;Não Avaliada;;Improcedente
Fundação de Proteção e Defesa do Consumidor;Plataforma Web;SE;SP;Araras;M;entre 31 a 40 anos;2025;12;17/12/2025;12/01/2026;05/01/2026;18/12/2025;2026-02-02;14/01/2026;18;8;PicPay Invest (Antiga Liga Invest);Corretoras e Distribuidoras de Títulos e Investimentos;Serviços Financeiros;Investimentos / Aplicações / Câmbio / Previdência Privada;Vício de Qualidade;Clonagem, fraude, furto e roubo;Internet;S;S;Finalizada não avaliada;Não Avaliada;;Improcedente
Fundação de Proteção e Defesa do Consumidor;Plataforma Web;SE;SP;Taiúva;M;entre 31 a 40 anos;2025;12;17/12/2025;;10/01/2026;30/12/2025;2026-02-01;07/01/2026;11;;Facebook / Instagram;Provedores de Conteúdo e Outros Serviços na Internet;Demais Serviços ;Serviços na internet (provedor, hospedagem, aplicativos, streaming, jogos etc);Vício de Qualidade;Suspensão ou desligamento indevido do serviço;Internet;S;N;Finalizada não avaliada;Não Avaliada;;Improcedente
Programa Estadual de Proteção e Defesa do Consumidor do Ministério Público da Paraíba;Plataforma Web;NE;PB;Guarabira;F;entre 21 a 30 anos;2025;12;17/12/2025;12/01/2026;12/01/2026;29/12/2025;2026-02-02;10/01/2026;14;12;Banco BV (antigo Banco Votorantim);Bancos, Financeiras e Administradoras de Cartão;Serviços Financeiros;Financiamentos de Veículos / Leasing;Cobrança / Contestação;Cobrança de tarifas, taxas, valores não previstos / não informados;Telefone;S;S;Finalizada não avaliada;Não Avaliada;;Improcedente
Secretaria Nacional do Consumidor;Plataforma Web;CO;DF;Brasília;M;entre 41 a 50 anos;2025;12;17/12/2025;12/01/2026;12/01/2026;31/12/2025;2026-02-02;08/01/2026;12;14;Amazon.com.br;Comércio Eletrônico;Demais Produtos;Utilidades Domésticas e Decoração (para limpeza, cozinha, cama, mesa e banho, tapetes, cortinas, persianas, jardinagem etc);Entrega do Produto;Não entrega / demora na entrega do produto;Internet;S;S;Finalizada não avaliada;Não Avaliada;;Improcedente
Secretaria Nacional do Consumidor;Plataforma Web;CO;DF;Brasília;M;entre 31 a 40 anos;2025;12;17/12/2025;;07/01/2026;23/12/2025;2026-02-02;11/01/2026;15;;Icatu Seguros;Seguros, Capitalização e Previdência;Serviços Financeiros;Seguro Prestamista;Cobrança / Contestação;Cobrança por serviço/produto não contratado / não reconhecido / não solicitado;Loja física;S;N;Finalizada não avaliada;Não Avaliada;;Improcedente
Secretaria Nacional do Consumidor;Plataforma Web;CO;MS;São Pedro;M;entre 21 a 30 anos;2025;12;17/12/2025;12/01/2026;12/01/2026;31/12/2025;2026-02-02;08/01/2026;12;14;Amazon.com.br;Comércio Eletrônico;Demais Produtos;Livros e papelaria (material didático, artigos de escritório, etc.);Entrega do Produto;Não entrega / demora na entrega do produto;Internet;S;S;Finalizada não avaliada;Não Avaliada;;Improcedente
Secretaria Nacional do Consumidor;Plataforma Web;NE;MA;São Luís;F;entre 21 a 30 anos;2025;12;17/12/2025;12/01/2026;12/01/2026;31/12/2025;2026-02-02;08/01/2026;12;14;Amazon.com.br;Comércio Eletrônico;Produtos Eletrodomésticos e Eletrônicos;Eletroportáteis ( batedeira, liquidificador, umidificador, secador, cafeteira etc );Cobrança / Contestação;Dificuldade / atraso na devolução de valores pagos / reembolso / retenção de valores;Internet;S;S;Finalizada não avaliada;Não Avaliada;;Improcedente
Secretaria Nacional do Consumidor;Plataforma Web;NE;MA;São Luís;M;entre 41 a 50 anos;2025;12;17/12/2025;12/01/2026;12/01/2026;31/12/2025;2026-02-02;08/01/2026;12;14;Amazon.com.br;Comércio Eletrônico;Produtos Eletrodomésticos e Eletrônicos;Aparelho de som, video e imagem ( Câmera, filmadora, dvd, home theater etc);Entrega do Produto;Não entrega / demora na entrega do produto;Internet;S;S;Finalizada não avaliada;Não Avaliada;;Improcedente
Secretaria Nacional do Consumidor;Plataforma Web;N ;RR;Boa Vista;F;entre 21 a 30 anos;2025;12;17/12/2025;12/01/2026;12/01/2026;31/12/2025;2026-02-02;08/01/2026;12;14;Amazon.com.br;Comércio Eletrônico;Produtos Eletrodomésticos e Eletrônicos;Eletroportáteis ( batedeira, liquidificador, umidificador, secador, cafeteira etc );Contrato / Oferta;Venda casada (garantia estendida, seguro, cursos etc);Internet;S;S;Finalizada não avaliada;Não Avaliada;;Improcedente
Fundação de Proteção e Defesa do Consumidor;Plataforma Web;SE;SP;Piracicaba;M;entre 31 a 40 anos;2025;12;17/12/2025;14/01/2026;14/01/2026;31/12/2025;2026-02-02;10/01/2026;14;14;Amazon.com.br;Comércio Eletrônico;Demais Produtos;Produtos para crianças (carrinho, brinquedos, cadeira, vestuário, mamadeira, etc);Contrato / Oferta;Oferta não cumprida / serviço não fornecido/ venda enganosa / publicidade enganosa;Internet;N;S;Finalizada avaliada;Resolvida;4;Improcedente
Secretaria Nacional do Consumidor;Plataforma Web;NE;RN;Natal;F;entre 21 a 30 anos;2025;12;17/12/2025;12/01/2026;12/01/2026;31/12/2025;2026-02-02;08/01/2026;12;14;Amazon.com.br;Comércio Eletrônico;Produtos Eletrodomésticos e Eletrônicos;Televisão;Vício de Qualidade;Produto danificado / não funciona - Dificuldade em trocar ou consertar no prazo de garantia;Internet;S;S;Finalizada não avaliada;Não Avaliada;;Improcedente
Fundação de Proteção e Defesa do Consumidor;Plataforma Web;SE;SP;São Paulo;M;entre 41 a 50 anos;2025;12;17/12/2025;14/01/2026;14/01/2026;31/12/2025;2026-02-04;10/01/2026;14;14;Amazon.com.br;Comércio Eletrônico;Produtos Eletrodomésticos e Eletrônicos;Eletroportáteis ( batedeira, liquidificador, umidificador, secador, cafeteira etc );Contrato / Oferta;Produto falsificado;Internet;S;S;Finalizada não avaliada;Não Avaliada;;Improcedente
Secretaria Nacional do Consumidor;Plataforma Web;NE;RN;Parnamirim;F;entre 21 a 30 anos;2025;12;17/12/2025;12/01/2026;12/01/2026;31/12/2025;2026-02-02;08/01/2026;12;14;Amazon.com.br;Comércio Eletrônico;Demais Produtos;Instrumentos e acessórios musicais;Entrega do Produto;Não entrega / demora na entrega do produto;Catálogo;S;S;Finalizada não avaliada;Não Avaliada;;Improcedente
Superintendência de Proteção e Defesa do Consumidor do Estado da Bahia;Plataforma Web;NE;BA;Uibaí;F;entre 21 a 30 anos;2025;12;17/12/2025;14/01/2026;14/01/2026;30/12/2025;2026-02-04;11/01/2026;15;13;Will Bank;Bancos, Financeiras e Administradoras de Cartão;Serviços Financeiros;Cartão de Crédito / Cartão de Débito / Cartão de Loja;Cobrança / Contestação;Cálculo de juros, saldo devedor (contestação, solicitação de histórico, dúvidas);Telefone;S;S;Finalizada não avaliada;Não Avaliada;;Improcedente
Departamento Estadual de Proteção e Defesa do Consumidor;Plataforma Web;S ;PR;Maringá;F;entre 31 a 40 anos;2025;12;17/12/2025;13/01/2026;13/01/2026;31/12/2025;2026-02-03;09/01/2026;13;14;Amazon.com.br;Comércio Eletrônico;Demais Produtos;Vestuário e Artigos de Uso Pessoal (roupa, calçados, jóias, bijuterias, malas, bolsas, etc);Cobrança / Contestação;Dificuldade / atraso na devolução de valores pagos / reembolso / retenção de valores;Internet;S;S;Finalizada não avaliada;Não Avaliada;;Improcedente
Fundação de Proteção e Defesa do Consumidor;Plataforma Web;SE;SP;São Paulo;M;entre 51 a 60 anos;2025;12;17/12/2025;14/01/2026;14/01/2026;31/12/2025;2026-02-03;10/01/2026;14;14;Amazon.com.br;Comércio Eletrônico;Demais Produtos;Produtos para crianças (carrinho, brinquedos, cadeira, vestuário, mamadeira, etc);Contrato / Oferta;Oferta não cumprida / serviço não fornecido/ venda enganosa / publicidade enganosa;Internet;S;S;Finalizada avaliada;Resolvida;2;Improcedente
Departamento Estadual de Proteção e Defesa do Consumidor;Plataforma Web;S ;PR;Curitiba;F;entre 41 a 50 anos;2025;12;17/12/2025;13/01/2026;13/01/2026;31/12/2025;2026-02-01;09/01/2026;13;14;Amazon.com.br;Comércio Eletrônico;Produtos Eletrodomésticos e Eletrônicos;Acessório para eletroeletrônicos (pilhas, baterias etc);Cobrança / Contestação;Dificuldade / atraso na devolução de valores pagos / reembolso / retenção de valores;Internet;S;S;Finalizada avaliada;Não Resolvida;1;Improcedente
Secretaria Nacional do Consumidor;Plataforma Web;CO;DF;Brasília;M;entre 41 a 50 anos;2025;12;17/12/2025;12/01/2026;12/01/2026;31/12/2025;2026-02-02;08/01/2026;12;14;Amazon.com.br;Comércio Eletrônico;Produtos Eletrodomésticos e Eletrônicos;Aparelho de som, video e imagem ( Câmera, filmadora, dvd, home theater etc);Entrega do Produto;Não entrega / demora na entrega do produto;Internet;S;S;Finalizada não avaliada;Não Avaliada;;Improcedente
Secretaria Nacional do Consumidor;Plataforma Web;S ;RS;Porto Alegre;F;entre 31 a 40 anos;2025;12;17/12/2025;;13/01/2026;30/12/2025;2026-02-04;10/01/2026;14;;Panvel Farmácias;Farmácias;Saúde;Medicamentos;Atendimento / SAC;Dificuldade de contato / demora no atendimento;Internet;S;N;Finalizada não avaliada;Não Avaliada;;Improcedente
Instituto Estadual de Proteção e Defesa do Consumidor;Plataforma Web;SE;ES;Vitória;M;entre 31 a 40 anos;2025;12;17/12/2025;13/01/2026;13/01/2026;31/12/2025;2026-02-02;09/01/2026;13;14;Amazon.com.br;Comércio Eletrônico;Produtos Eletrodomésticos e Eletrônicos;Fogão, microondas, forno elétrico, depurador de ar e coifa;Cobrança / Contestação;Dificuldade / atraso na devolução de valores pagos / reembolso / retenção de valores;Internet;S;S;Finalizada avaliada;Resolvida;5;Improcedente
Fundação de Proteção e Defesa do Consumidor;Plataforma Web;SE;SP;São Paulo;M;entre 41 a 50 anos;2025;12;17/12/2025;13/01/2026;05/01/2026;18/12/2025;2026-02-03;14/01/2026;18;9;Amazon.com.br;Comércio Eletrônico;Demais Serviços ;Serviços na internet (provedor, hospedagem, aplicativos, streaming, jogos etc);Contrato / Oferta;Alteração de plano/contrato sem solicitação ou aviso prévio;Internet;S;S;Finalizada não avaliada;Não Avaliada;;Improcedente
Fundação de Proteção e Defesa do Consumidor;Plataforma Web;SE;SP;São Paulo;F;entre 31 a 40 anos;2025;12;17/12/2025;;14/01/2026;31/12/2025;2026-02-05;10/01/2026;14;;Amazon.com.br;Comércio Eletrônico;Produtos Eletrodomésticos e Eletrônicos;Aparelho de som, video e imagem ( Câmera, filmadora, dvd, home theater etc);Entrega do Produto;Não entrega / demora na entrega do produto;Internet;S;N;Finalizada não avaliada;Não Avaliada;;Improcedente
Secretaria Nacional do Consumidor;Plataforma Web;N ;PA;Belém;F;entre 41 a 50 anos;2025;12;17/12/2025;12/01/2026;12/01/2026;31/12/2025;2026-02-02;08/01/2026;12;14;Amazon.com.br;Comércio Eletrônico;Demais Produtos;Produtos Veterinários (ração, acessórios etc);Entrega do Produto;Não entrega / demora na entrega do produto;Internet;S;S;Finalizada não avaliada;Não Avaliada;;Improcedente
Fundação de Proteção e Defesa do Consumidor;Plataforma Web;SE;SP;Jundiaí;M;entre 31 a 40 anos;2025;12;17/12/2025;;14/01/2026;31/12/2025;2026-02-05;10/01/2026;14;;Amazon.com.br;Comércio Eletrônico;Produtos de Telefonia e Informática;Tablet;Cobrança / Contestação;Dificuldade / atraso na devolução de valores pagos / reembolso / retenção de valores;Internet;S;N;Finalizada não avaliada;Não Avaliada;;Improcedente
Fundação de Proteção e Defesa do Consumidor;Plataforma Web;SE;SP;Sorocaba;M;entre 41 a 50 anos;2025;12;18/12/2025;14/01/2026;05/01/2026;18/12/2025;2026-02-04;15/01/2026;18;9;Fast Shop;Varejo;Produtos Eletrodomésticos e Eletrônicos;Ar condicionado, ventilador e aquecedor;Contrato / Oferta;Oferta não cumprida / serviço não fornecido/ venda enganosa / publicidade enganosa;Internet;S;S;Finalizada não avaliada;Não Avaliada;;Improcedente
Fundação de Proteção e Defesa do Consumidor;Plataforma Web;SE;SP;Santos;M;entre 41 a 50 anos;2025;12;18/12/2025;;14/01/2026;31/12/2025;2026-02-05;11/01/2026;14;;Amazon.com.br;Comércio Eletrônico;Produtos de Telefonia e Informática;Aparelho celular;Entrega do Produto;Produto entregue incompleto / diferente do  pedido;Internet;S;N;Finalizada não avaliada;Não Avaliada;;Improcedente
Secretaria Nacional do Consumidor;Plataforma Web;S ;RS;Montenegro;F;entre 21 a 30 anos;2025;12;18/12/2025;;13/01/2026;02/01/2026;2026-02-04;08/01/2026;11;;Amazon.com.br;Comércio Eletrônico;Demais Produtos;Utilidades Domésticas e Decoração (para limpeza, cozinha, cama, mesa e banho, tapetes, cortinas, persianas, jardinagem etc);Atendimento / SAC;Má qualidade no atendimento (descortesia / despreparo/ constrangimento);Internet;S;N;Finalizada não avaliada;Não Avaliada;;Improcedente
Instituto Estadual de Proteção e Defesa do Consumidor;Plataforma Web;SE;ES;Serra;M;entre 21 a 30 anos;2025;12;18/12/2025;;13/01/2026;31/12/2025;2026-02-04;10/01/2026;13;;Amazon.com.br;Comércio Eletrônico;Produtos de Telefonia e Informática;Microcomputador e laptops;Contrato / Oferta;Oferta não cumprida / serviço não fornecido/ venda enganosa / publicidade enganosa;Internet;S;N;Finalizada não avaliada;Não Avaliada;;Improcedente
Programa Estadual de Proteção e Defesa do Consumidor - DECON/CE;Plataforma Web;NE;CE;Sobral;F;entre 41 a 50 anos;2025;12;18/12/2025;;14/01/2026;31/12/2025;2026-02-02;11/01/2026;14;;Amazon.com.br;Comércio Eletrônico;Demais Serviços ;Serviços na internet (provedor, hospedagem, aplicativos, streaming, jogos etc);Vício de Qualidade;Dificuldade para alterar/ ativar serviços;Internet;S;N;Finalizada avaliada;Resolvida;3;Improcedente
Instituto Estadual de Proteção e Defesa do Consumidor;Plataforma Web;SE;ES;Vitória;F;entre 21 a 30 anos;2025;12;18/12/2025;;14/01/2026;02/01/2026;2026-02-05;09/01/2026;12;;Amazon.com.br;Comércio Eletrônico;Demais Produtos;Perfumaria, cosméticos e higiene pessoal;Cobrança / Contestação;Cobrança em duplicidade / Cobrança referente a pagamento já efetuado;Internet;S;N;Finalizada não avaliada;Não Avaliada;;Improcedente
Departamento Estadual de Proteção e Defesa do Consumidor;Plataforma Web;S ;PR;Colombo;F;entre 21 a 30 anos;2025;12;18/12/2025;13/01/2026;13/01/2026;31/12/2025;2026-02-03;10/01/2026;13;13;Amazon.com.br;Comércio Eletrônico;Demais Produtos;Móveis e Colchões;Dados Pessoais e Privacidade;Coleta, uso ou compartilhamento indevido ou não autorizado de dados pessoais ou financeiros;Internet;S;S;Finalizada não avaliada;Não Avaliada;;Improcedente
Secretaria Nacional do Consumidor;Plataforma Web;NE;RN;Mossoró;M;entre 31 a 40 anos;2025;12;18/12/2025;12/01/2026;12/01/2026;31/12/2025;2026-02-02;09/01/2026;12;13;Amazon.com.br;Comércio Eletrônico;Demais Produtos;Produtos para crianças (carrinho, brinquedos, cadeira, vestuário, mamadeira, etc);Entrega do Produto;Não entrega / demora na entrega do produto;Internet;S;S;Finalizada não avaliada;Não Avaliada;;Improcedente
Superintendência de Proteção e Defesa do Consumidor do Estado da Bahia;Plataforma Web;NE;BA;Camaçari;M;entre 41 a 50 anos;2025;12;18/12/2025;12/01/2026;08/01/2026;24/12/2025;2026-02-02;12/01/2026;15;10;Banco C6 Consignado (Banco Ficsa);Bancos, Financeiras e Administradoras de Cartão;Serviços Financeiros;Crédito Consignado / Cartão de Crédito Consignado / RMC (para beneficiários do INSS);Contrato / Oferta;Oferta não cumprida / serviço não fornecido/ venda enganosa / publicidade enganosa;Internet;S;S;Finalizada não avaliada;Não Avaliada;;Improcedente
Fundação de Proteção e Defesa do Consumidor;Plataforma Web;SE;SP;São Bernardo do Campo;M;entre 41 a 50 anos;2025;12;18/12/2025;15/01/2026;05/01/2026;18/12/2025;2026-02-05;15/01/2026;18;10;Fast Shop;Varejo;Produtos Eletrodomésticos e Eletrônicos;Aparelho de som, video e imagem ( Câmera, filmadora, dvd, home theater etc);Contrato / Oferta;Recusa em cancelar compra/serviço no prazo de arrependimento (compra fora do estabelecimento);Internet;S;S;Finalizada não avaliada;Não Avaliada;;Improcedente
Secretaria Nacional do Consumidor;Plataforma Web;NE;RN;Parnamirim;F;entre 21 a 30 anos;2025;12;18/12/2025;;13/01/2026;02/01/2026;2026-02-04;08/01/2026;11;;Amazon.com.br;Comércio Eletrônico;Produtos Eletrodomésticos e Eletrônicos;Eletroportáteis ( batedeira, liquidificador, umidificador, secador, cafeteira etc );Vício de Qualidade;Produto danificado / não funciona - Dificuldade em trocar ou consertar no prazo de garantia;Internet;S;N;Finalizada não avaliada;Não Avaliada;;Improcedente
Fundação de Proteção e Defesa do Consumidor;Plataforma Web;SE;SP;Araçatuba;M;entre 41 a 50 anos;2025;12;18/12/2025;;10/01/2026;30/12/2025;2026-02-01;08/01/2026;11;;Banco Santander;Bancos, Financeiras e Administradoras de Cartão;Serviços Financeiros;Serviço de pagamento online/ via celular/ maquininha;Cobrança / Contestação;Dificuldade / atraso na devolução de valores pagos / reembolso / retenção de valores;Internet;S;N;Finalizada não avaliada;Não Avaliada;;Improcedente
Instituto Estadual de Proteção e Defesa do Consumidor;Plataforma Web;SE;ES;Venda Nova do Imigrante;M;entre 21 a 30 anos;2025;12;18/12/2025;14/01/2026;14/01/2026;31/12/2025;2026-02-04;11/01/2026;14;13;Facebook / Instagram;Provedores de Conteúdo e Outros Serviços na Internet;Demais Serviços ;Serviços na internet (provedor, hospedagem, aplicativos, streaming, jogos etc);Vício de Qualidade;Suspensão ou desligamento indevido do serviço;Internet;S;S;Finalizada não avaliada;Não Avaliada;;Improcedente
Departamento Estadual de Proteção e Defesa do Consumidor;Plataforma Web;S ;PR;Fazenda Rio Grande;F;até 20 anos;2025;12;18/12/2025;;06/01/2026;22/12/2025;2026-02-03;12/01/2026;15;;Will Bank;Bancos, Financeiras e Administradoras de Cartão;Serviços Financeiros;Cartão de Crédito / Cartão de Débito / Cartão de Loja;Cobrança / Contestação;Dificuldade / atraso na devolução de valores pagos / reembolso / retenção de valores;Internet;S;N;Finalizada não avaliada;Não Avaliada;;Improcedente
Secretaria Nacional do Consumidor;Plataforma Web;N ;AP;Macapá;M;entre 31 a 40 anos;2025;12;18/12/2025;12/01/2026;12/01/2026;31/12/2025;2026-02-02;09/01/2026;12;13;Amazon.com.br;Comércio Eletrônico;Demais Produtos;Produtos para crianças (carrinho, brinquedos, cadeira, vestuário, mamadeira, etc);Dados Pessoais e Privacidade;Dificuldade de reclamar ou de obter tratamento a reclamação sobre dados pessoais ou financeiros;Internet;S;S;Finalizada não avaliada;Não Avaliada;;Improcedente
Secretaria Nacional do Consumidor;Plataforma Web;NE;PI;Teresina;M;entre 21 a 30 anos;2025;12;18/12/2025;13/01/2026;13/01/2026;31/12/2025;2026-02-03;10/01/2026;13;13;Amazon.com.br;Comércio Eletrônico;Demais Serviços ;Serviços na internet (provedor, hospedagem, aplicativos, streaming, jogos etc);Contrato / Oferta;Alteração de plano/contrato sem solicitação ou aviso prévio;Internet;N;S;Finalizada não avaliada;Não Avaliada;;Improcedente
Fundação de Proteção e Defesa do Consumidor;Plataforma Web;SE;SP;São Paulo;M;entre 41 a 50 anos;2025;12;18/12/2025;13/01/2026;13/01/2026;29/12/2025;2026-02-01;12/01/2026;15;11;Mercado Pago;Empresas de Pagamento Eletrônico;Serviços Financeiros;Crédito Pessoal e Demais Empréstimos (exceto financiamento de imóveis e veículos);Cobrança / Contestação;Cálculo de juros, saldo devedor (contestação, solicitação de histórico, dúvidas);Internet;S;S;Finalizada avaliada;Resolvida;5;Improcedente
Instituto Estadual de Proteção e Defesa do Consumidor;Plataforma Web;SE;ES;Serra;M;entre 31 a 40 anos;2025;12;18/12/2025;;14/01/2026;02/01/2026;2026-02-04;09/01/2026;12;;Casa & Vídeo;Varejo;Produtos de Telefonia e Informática;Aparelho celular;Contrato / Oferta;Oferta não cumprida / serviço não fornecido/ venda enganosa / publicidade enganosa;Internet;N;N;Finalizada avaliada;Não Resolvida;1;Improcedente
Fundação de Proteção e Defesa do Consumidor;Plataforma Web;SE;SP;São Vicente;F;entre 21 a 30 anos;2025;12;18/12/2025;;15/01/2026;31/12/2025;2026-02-06;12/01/2026;15;;Casas Bahia;Varejo;Serviços Financeiros;Cartão de Crédito / Cartão de Débito / Cartão de Loja;Atendimento / SAC;SAC - Dificuldade para cancelar o serviço;Loja física;S;N;Finalizada não avaliada;Não Avaliada;;Improcedente
Instituto Municipal de Proteção e Defesa do Consumidor;Plataforma Web;SE;RJ;Rio de Janeiro;M;entre 21 a 30 anos;2025;12;18/12/2025;;16/01/2026;02/01/2026;2026-02-07;11/01/2026;14;;99App;Empresas de Intermediação de Serviços / Negócios;Demais Serviços ;Aplicativo de mobilidade urbana;Cobrança / Contestação;Cobrança de tarifas, taxas, valores não previstos / não informados;Não comprei / contratei;S;N;Finalizada não avaliada;Não Avaliada;;Improcedente
Secretaria Nacional do Consumidor;Plataforma Web;N ;TO;Araguaína;M;entre 31 a 40 anos;2025;12;18/12/2025;;13/01/2026;31/12/2025;2026-02-04;10/01/2026;13;;Amazon.com.br;Comércio Eletrônico;Alimentos;Alimentos para fins especiais (dietéticos, infantis, suplementos, gestantes, energéticos, isotônicos etc);Saúde e Segurança;Risco, dano físico ou mal estar decorrente da prestação do serviço/utilização do produto;Internet;S;N;Finalizada não avaliada;Não Avaliada;;Improcedente
Fundação de Proteção e Defesa do Consumidor;Plataforma Web;SE;SP;São Paulo;M;entre 21 a 30 anos;2025;12;18/12/2025;14/01/2026;14/01/2026;31/12/2025;2026-02-04;11/01/2026;14;13;99App;Empresas de Intermediação de Serviços / Negócios;Demais Serviços ;Aplicativo de mobilidade urbana;Contrato / Oferta;Dificuldade para contratar o serviço (problema operacionais, acesso aos canais de venda etc);Telefone;S;S;Finalizada não avaliada;Não Avaliada;;Improcedente
Secretaria Nacional do Consumidor;Plataforma Web;S ;RS;Uruguaiana;M;entre 41 a 50 anos;2025;12;18/12/2025;;13/01/2026;02/01/2026;2026-02-04;08/01/2026;11;;Amazon.com.br;Comércio Eletrônico;Produtos de Telefonia e Informática;Aparelho celular;Entrega do Produto;Não entrega / demora na entrega do produto;Internet;S;N;Finalizada não avaliada;Não Avaliada;;Improcedente
Fundação de Proteção e Defesa do Consumidor;Plataforma Web;SE;SP;São Paulo;F;entre 31 a 40 anos;2025;12;18/12/2025;14/01/2026;14/01/2026;31/12/2025;2026-02-01;11/01/2026;14;13;Amazon.com.br;Comércio Eletrônico;Produtos Eletrodomésticos e Eletrônicos;Televisão;Entrega do Produto;Não entrega / demora na entrega do produto;Internet;S;S;Finalizada avaliada;Não Resolvida;1;Improcedente
Fundação de Proteção e Defesa do Consumidor;Plataforma Web;SE;SP;São Paulo;M;entre 21 a 30 anos;2025;12;18/12/2025;;12/01/2026;30/12/2025;2026-02-03;10/01/2026;13;;99Food;Empresas de Intermediação de Serviços / Negócios;Demais Serviços ;Serviços de entrega / delivery;Atendimento / SAC;Má qualidade no atendimento (descortesia / despreparo/ constrangimento);Loja física;S;N;Finalizada não avaliada;Não Avaliada;;Improcedente
Fundação de Proteção e Defesa do Consumidor;Plataforma Web;SE;SP;São José dos Campos;M;entre 31 a 40 anos;2025;12;18/12/2025;;13/01/2026;29/12/2025;2026-02-04;12/01/2026;15;;Localiza Rent a Car;Aluguel de Carros;Demais Serviços ;Locação/ Aluguel - carros, roupas etc (exceto habitação);Atendimento / SAC;Má qualidade no atendimento (descortesia / despreparo/ constrangimento);Não comprei / contratei;S;N;Finalizada não avaliada;Não Avaliada;;Improcedente
Secretaria Nacional do Consumidor;Plataforma Web;NE;RN;Parnamirim;M;entre 51 a 60 anos;2025;12;18/12/2025;;13/01/2026;31/12/2025;2026-02-04;10/01/2026;13;;Amazon.com.br;Comércio Eletrônico;Produtos de Telefonia e Informática;Aparelho celular;Cobrança / Contestação;Dificuldade / atraso na devolução de valores pagos / reembolso / retenção de valores;Internet;S;N;Finalizada não avaliada;Não Avaliada;;Improcedente
Programa Estadual de Proteção e Defesa do Consumidor do Ministério Público da Paraíba;Plataforma Web;NE;PB;João Pessoa;M;entre 31 a 40 anos;2025;12;18/12/2025;12/01/2026;12/01/2026;30/12/2025;2026-02-02;10/01/2026;13;12;Will Bank;Bancos, Financeiras e Administradoras de Cartão;Serviços Financeiros;Cartão de Crédito / Cartão de Débito / Cartão de Loja;Cobrança / Contestação;Renegociação / parcelamento de dívida;Telefone;N;S;Finalizada não avaliada;Não Avaliada;;Improcedente
Secretaria Nacional do Consumidor;Plataforma Web;CO;DF;Brasília;M;entre 21 a 30 anos;2025;12;18/12/2025;;13/01/2026;31/12/2025;2026-02-04;10/01/2026;13;;iFood;Empresas de Intermediação de Serviços / Negócios;Demais Serviços ;Serviços de entrega / delivery;Contrato / Oferta;Dificuldade para contratar / recusa injustificada;Internet;S;N;Finalizada não avaliada;Não Avaliada;;Improcedente
Secretaria Nacional do Consumidor;Plataforma Web;N ;PA;Novo Repartimento;M;entre 21 a 30 anos;2025;12;18/12/2025;13/01/2026;13/01/2026;30/12/2025;2026-02-03;11/01/2026;14;12;Facebook / Instagram;Provedores de Conteúdo e Outros Serviços na Internet;Demais Serviços ;Serviços na internet (provedor, hospedagem, aplicativos, streaming, jogos etc);Atendimento / SAC;Dificuldade de contato / demora no atendimento;Internet;N;S;Finalizada não avaliada;Não Avaliada;;Improcedente
Secretaria Nacional do Consumidor;Plataforma Web;NE;SE;Aracaju;M;entre 21 a 30 anos;2025;12;18/12/2025;;13/01/2026;01/01/2026;2026-02-02;09/01/2026;12;;Amazon.com.br;Comércio Eletrônico;Demais Serviços ;Serviços na internet (provedor, hospedagem, aplicativos, streaming, jogos etc);Dados Pessoais e Privacidade;Dificuldade de cancelamento / eliminação de dados / revogação do consentimento;Não comprei / contratei;S;N;Finalizada avaliada;Não Resolvida;1;Improcedente
Fundação de Proteção e Defesa do Consumidor;Plataforma Web;SE;SP;São Paulo;M;entre 21 a 30 anos;2025;12;18/12/2025;14/01/2026;14/01/2026;31/12/2025;2026-02-04;11/01/2026;14;13;Amazon.com.br;Comércio Eletrônico;Demais Produtos;Utilidades Domésticas e Decoração (para limpeza, cozinha, cama, mesa e banho, tapetes, cortinas, persianas, jardinagem etc);Entrega do Produto;Produto entregue incompleto / diferente do  pedido;Internet;S;S;Finalizada não avaliada;Não Avaliada;;Improcedente
Secretaria Nacional do Consumidor;Plataforma Web;NE;SE;Aracaju;M;entre 41 a 50 anos;2025;12;18/12/2025;;13/01/2026;31/12/2025;2026-02-04;10/01/2026;13;;Amazon.com.br;Comércio Eletrônico;Produtos de Telefonia e Informática;Microcomputador e laptops;Contrato / Oferta;Oferta não cumprida / serviço não fornecido/ venda enganosa / publicidade enganosa;Internet;S;N;Finalizada não avaliada;Não Avaliada;;Improcedente
Fundação de Proteção e Defesa do Consumidor;Plataforma Web;SE;SP;São Paulo;F;entre 21 a 30 anos;2025;12;18/12/2025;14/01/2026;14/01/2026;31/12/2025;2026-02-02;11/01/2026;14;13;Amazon.com.br;Comércio Eletrônico;Produtos de Telefonia e Informática;Aparelho celular;Entrega do Produto;Produto entregue incompleto / diferente do  pedido;Internet;S;S;Finalizada avaliada;Não Resolvida;1;Improcedente
Superintendência de Proteção e Defesa do Consumidor do Estado da Bahia;Plataforma Web;NE;BA;Vitória da Conquista;M;até 20 anos;2025;12;18/12/2025;;14/01/2026;30/12/2025;2026-02-05;12/01/2026;15;;Facebook / Instagram;Provedores de Conteúdo e Outros Serviços na Internet;Demais Serviços ;Serviços na internet (provedor, hospedagem, aplicativos, streaming, jogos etc);Vício de Qualidade;Suspensão ou desligamento indevido do serviço;Internet;S;N;Finalizada não avaliada;Não Avaliada;;Improcedente
Instituto Estadual de Proteção e Defesa do Consumidor;Plataforma Web;SE;ES;Vitória;M;entre 31 a 40 anos;2025;12;18/12/2025;;14/01/2026;02/01/2026;2026-02-05;09/01/2026;12;;Amazon.com.br;Comércio Eletrônico;Alimentos;Bebidas;Dados Pessoais e Privacidade;Dificuldade de cancelamento / eliminação de dados / revogação do consentimento;Internet;S;N;Finalizada não avaliada;Não Avaliada;;Improcedente
Secretaria Nacional do Consumidor;Plataforma Web;NE;PI;Altos;M;entre 21 a 30 anos;2025;12;19/12/2025;12/01/2026;07/01/2026;23/12/2025;2026-02-02;13/01/2026;15;9;Banco Bmg;Bancos, Financeiras e Administradoras de Cartão;Serviços Financeiros;Crédito Consignado / Cartão de Crédito Consignado / RMC (para beneficiários do INSS);Cobrança / Contestação;Cobrança por serviço/produto não contratado / não reconhecido / não solicitado;Não comprei / contratei;N;S;Finalizada não avaliada;Não Avaliada;;Improcedente
Fundação de Proteção e Defesa do Consumidor;Plataforma Web;SE;SP;Bebedouro;F;entre 21 a 30 anos;2025;12;19/12/2025;13/01/2026;13/01/2026;29/12/2025;2026-02-03;13/01/2026;15;10;Universidade Estácio de Sá;Estabelecimentos de Ensino;Educação;Superior ( Graduação e Pós );Cobrança / Contestação;Cobrança por serviço/produto não contratado / não reconhecido / não solicitado;Não comprei / contratei;N;S;Finalizada não avaliada;Não Avaliada;;Improcedente
Secretaria Nacional do Consumidor;Plataforma Web;CO;DF;Brasília;M;entre 21 a 30 anos;2025;12;19/12/2025;13/01/2026;06/01/2026;22/12/2025;2026-02-03;13/01/2026;15;10;Fast Shop;Varejo;Produtos Eletrodomésticos e Eletrônicos;Ar condicionado, ventilador e aquecedor;Entrega do Produto;Não entrega / demora na entrega do produto;Internet;S;S;Finalizada não avaliada;Não Avaliada;;Improcedente
Fundação de Proteção e Defesa do Consumidor;Plataforma Web;SE;SP;Praia Grande;F;entre 41 a 50 anos;2025;12;19/12/2025;12/01/2026;08/01/2026;24/12/2025;2026-02-02;13/01/2026;15;9;Zurich Santander Seguros;Seguros, Capitalização e Previdência;Serviços Financeiros;Seguros de Veículos;Cobrança / Contestação;Cobrança por serviço/produto não contratado / não reconhecido / não solicitado;Loja física;S;S;Finalizada não avaliada;Não Avaliada;;Improcedente
Fundação de Proteção e Defesa do Consumidor;Plataforma Web;SE;SP;São Paulo;M;entre 51 a 60 anos;2025;12;19/12/2025;12/01/2026;07/01/2026;24/12/2025;2026-02-02;12/01/2026;14;10;Banco Itaú Unibanco;Bancos, Financeiras e Administradoras de Cartão;Serviços Financeiros;Conta corrente / Salário / Poupança /Conta Aposentadoria;Cobrança / Contestação;Cobrança indevida / abusiva para alterar ou cancelar o contrato;Internet;S;S;Finalizada não avaliada;Não Avaliada;;Improcedente
Secretaria Nacional do Consumidor;Plataforma Web;S ;RS;São Borja;F;entre 51 a 60 anos;2025;12;19/12/2025;;13/01/2026;03/01/2026;2026-02-04;08/01/2026;10;;Amazon.com.br;Comércio Eletrônico;Demais Produtos;Esporte/Lazer/Festa (equipamento de ginástica, camping, náutica, caça, pesca, artigo esportivo, bicicleta, piscina, etc.);Atendimento / SAC;Má qualidade no atendimento (descortesia / despreparo/ constrangimento);Não comprei / contratei;S;N;Finalizada não avaliada;Não Avaliada;;Improcedente
Secretaria Nacional do Consumidor;Plataforma Web;S ;RS;Eldorado do Sul;M;mais de 70 anos;2025;12;19/12/2025;12/01/2026;07/01/2026;23/12/2025;2026-02-02;13/01/2026;15;9;Banco Bmg;Bancos, Financeiras e Administradoras de Cartão;Serviços Financeiros;Crédito Consignado / Cartão de Crédito Consignado / RMC (para beneficiários do INSS);Cobrança / Contestação;Cobrança de tarifas, taxas, valores não previstos / não informados;Não comprei / contratei;S;S;Finalizada não avaliada;Não Avaliada;;Improcedente
Superintendência de Proteção e Defesa do Consumidor do Estado da Bahia;Plataforma Web;NE;BA;Catu;F;entre 21 a 30 anos;2025;12;19/12/2025;14/01/2026;14/01/2026;30/12/2025;2026-02-04;13/01/2026;15;11;Universidade Estácio de Sá;Estabelecimentos de Ensino;Educação;Superior ( Graduação e Pós );Cobrança / Contestação;Renegociação / parcelamento de dívida;Internet;S;S;Finalizada não avaliada;Não Avaliada;;Improcedente
Secretaria Nacional do Consumidor;Plataforma Web;S ;RS;Porto Alegre;F;entre 21 a 30 anos;2025;12;19/12/2025;;13/01/2026;02/01/2026;2026-02-04;09/01/2026;11;;Amazon.com.br;Comércio Eletrônico;Demais Produtos;Produtos para crianças (carrinho, brinquedos, cadeira, vestuário, mamadeira, etc);Entrega do Produto;Não entrega / demora na entrega do produto;Internet;S;N;Finalizada não avaliada;Não Avaliada;;Improcedente
Secretaria Nacional do Consumidor;Plataforma Web;NE;RN;Extremoz;M;entre 21 a 30 anos;2025;12;19/12/2025;;13/01/2026;01/01/2026;2026-02-04;10/01/2026;12;;Amazon.com.br;Comércio Eletrônico;Demais Produtos;Utilidades Domésticas e Decoração (para limpeza, cozinha, cama, mesa e banho, tapetes, cortinas, persianas, jardinagem etc);Cobrança / Contestação;Dificuldade / atraso na devolução de valores pagos / reembolso / retenção de valores;Catálogo;S;N;Finalizada não avaliada;Não Avaliada;;Improcedente
Fundação de Proteção e Defesa do Consumidor;Plataforma Web;SE;SP;Osasco;F;entre 41 a 50 anos;2025;12;19/12/2025;;12/01/2026;30/12/2025;2026-02-03;11/01/2026;13;;OLX Pay;Empresas de Pagamento Eletrônico;Produtos de Telefonia e Informática;Acessórios e periféricos (monitor, impressora, pendrive, hd externo, cd dvd, outras midias, roteador, software, scanner etc);Dados Pessoais e Privacidade;Dados de Crianças e Adolescentes - Coleta, uso ou compartilhamento indevido / não autorizado de dados;Internet;S;N;Finalizada não avaliada;Não Avaliada;;Improcedente
Fundação de Proteção e Defesa do Consumidor;Plataforma Web;SE;SP;Suzano;M;entre 21 a 30 anos;2025;12;19/12/2025;13/01/2026;13/01/2026;29/12/2025;2026-02-03;13/01/2026;15;10;Atacadão;Supermercados;Alimentos;Bebidas;Saúde e Segurança;Data de validade vencida, ilegível, inexistente ou adulterada;Loja física;S;S;Finalizada não avaliada;Não Avaliada;;Improcedente
Instituto Estadual de Proteção e Defesa do Consumidor;Plataforma Web;SE;ES;Serra;F;entre 21 a 30 anos;2025;12;19/12/2025;;06/01/2026;22/12/2025;2026-02-04;13/01/2026;15;;Fido;Bancos, Financeiras e Administradoras de Cartão;Serviços Financeiros;Cartão de Crédito / Cartão de Débito / Cartão de Loja;Cobrança / Contestação;Negativação indevida referente a tarifa, taxas não previstas contrato / serviço;Loja física;S;N;Finalizada não avaliada;Não Avaliada;;Improcedente
Fundação de Proteção e Defesa do Consumidor;Plataforma Web;SE;SP;Arujá;F;entre 21 a 30 anos;2025;12;19/12/2025;;14/01/2026;31/12/2025;2026-02-05;12/01/2026;14;;Amazon.com.br;Comércio Eletrônico;Produtos Eletrodomésticos e Eletrônicos;Acessório para eletroeletrônicos (pilhas, baterias etc);Dados Pessoais e Privacidade;Dificuldade de acesso a dados pessoais ou financeiros;Internet;S;N;Finalizada não avaliada;Não Avaliada;;Improcedente
Secretaria Nacional do Consumidor;Plataforma Web;NE;MA;São Luís;F;entre 61 a 70 anos;2025;12;19/12/2025;;13/01/2026;30/12/2025;2026-02-04;12/01/2026;14;;Banco Pan ;Bancos, Financeiras e Administradoras de Cartão;Serviços Financeiros;Crédito Consignado / Cartão de Crédito Consignado / RMC (para beneficiários do INSS);Cobrança / Contestação;Cartão não solicitado - Envio ou cobrança;Não comprei / contratei;S;N;Finalizada não avaliada;Não Avaliada;;Improcedente
Fundação de Proteção e Defesa do Consumidor;Plataforma Web;SE;SP;Franca;M;entre 21 a 30 anos;2025;12;19/12/2025;15/01/2026;15/01/2026;31/12/2025;2026-02-05;13/01/2026;15;12;Facebook / Instagram;Provedores de Conteúdo e Outros Serviços na Internet;Demais Serviços ;Serviços na internet (provedor, hospedagem, aplicativos, streaming, jogos etc);Vício de Qualidade;Suspensão ou desligamento indevido do serviço;Internet;S;S;Finalizada não avaliada;Não Avaliada;;Improcedente
Secretaria Nacional do Consumidor;Plataforma Web;S ;RS;Porto Alegre;M;entre 61 a 70 anos;2025;12;19/12/2025;13/01/2026;07/01/2026;23/12/2025;2026-02-03;13/01/2026;15;10;Banco Bmg;Bancos, Financeiras e Administradoras de Cartão;Serviços Financeiros;Crédito Consignado / Cartão de Crédito Consignado / RMC (para beneficiários do INSS);Cobrança / Contestação;Cobrança de tarifas, taxas, valores não previstos / não informados;Não comprei / contratei;S;S;Finalizada não avaliada;Não Avaliada;;Improcedente
Instituto Estadual de Proteção e Defesa do Consumidor;Plataforma Web;SE;ES;Governador Lindenberg;M;entre 21 a 30 anos;2025;12;19/12/2025;14/01/2026;14/01/2026;02/01/2026;2026-02-04;10/01/2026;12;14;Amazon.com.br;Comércio Eletrônico;Produtos Eletrodomésticos e Eletrônicos;Ar condicionado, ventilador e aquecedor;Cobrança / Contestação;Dificuldade / atraso na devolução de valores pagos / reembolso / retenção de valores;Internet;S;S;Finalizada não avaliada;Não Avaliada;;Improcedente
Fundação de Proteção e Defesa do Consumidor;Plataforma Web;SE;SP;São Paulo;M;entre 31 a 40 anos;2025;12;19/12/2025;12/01/2026;12/01/2026;29/12/2025;2026-02-02;12/01/2026;14;10;Banco Santander;Bancos, Financeiras e Administradoras de Cartão;Serviços Financeiros;Conta corrente / Salário / Poupança /Conta Aposentadoria;Vício de Qualidade;Clonagem, fraude, furto e roubo;Não comprei / contratei;S;S;Finalizada não avaliada;Não Avaliada;;Improcedente
Secretaria Nacional do Consumidor;Plataforma Web;CO;DF;Brasília;F;entre 51 a 60 anos;2025;12;19/12/2025;;13/01/2026;03/01/2026;2026-02-03;08/01/2026;10;;Amazon.com.br;Comércio Eletrônico;Demais Produtos;Utilidades Domésticas e Decoração (para limpeza, cozinha, cama, mesa e banho, tapetes, cortinas, persianas, jardinagem etc);Contrato / Oferta;Oferta não cumprida / serviço não fornecido/ venda enganosa / publicidade enganosa;Internet;S;N;Finalizada avaliada;Resolvida;3;Improcedente
Secretaria Nacional do Consumidor;Plataforma Web;S ;RS;Novo Hamburgo;M;entre 31 a 40 anos;2025;12;19/12/2025;;13/01/2026;31/12/2025;2026-02-04;11/01/2026;13;;Amazon.com.br;Comércio Eletrônico;Demais Produtos;Utilidades Domésticas e Decoração (para limpeza, cozinha, cama, mesa e banho, tapetes, cortinas, persianas, jardinagem etc);Contrato / Oferta;Recusa em cancelar compra/serviço no prazo de arrependimento (compra fora do estabelecimento);Internet;S;N;Finalizada não avaliada;Não Avaliada;;Improcedente
Secretaria Nacional do Consumidor;Plataforma Web;S ;RS;Salto do Jacuí;F;entre 41 a 50 anos;2025;12;19/12/2025;12/01/2026;09/01/2026;26/12/2025;2026-02-02;12/01/2026;14;10;Caixa Econômica Federal;Bancos, Financeiras e Administradoras de Cartão;Serviços Financeiros;Financiamento de Imóveis;Cobrança / Contestação;Cobrança de tarifas, taxas, valores não previstos / não informados;Loja física;S;S;Finalizada não avaliada;Não Avaliada;;Improcedente
Secretaria Nacional do Consumidor;Plataforma Web;CO;MS;Campo Grande;F;entre 41 a 50 anos;2025;12;19/12/2025;12/01/2026;09/01/2026;26/12/2025;2026-02-02;12/01/2026;14;10;Latam Airlines (Tam);Transporte Aéreo;Demais Serviços ;Programas de Fidelidade / Benefícios (pontos, milhagem etc);Atendimento / SAC;Má qualidade no atendimento (descortesia / despreparo/ constrangimento);Internet;N;S;Finalizada não avaliada;Não Avaliada;;Improcedente
Secretaria Nacional do Consumidor;Plataforma Web;S ;RS;Erechim;F;entre 31 a 40 anos;2025;12;19/12/2025;;13/01/2026;03/01/2026;2026-02-04;08/01/2026;10;;Amazon.com.br;Comércio Eletrônico;Demais Produtos;Vestuário e Artigos de Uso Pessoal (roupa, calçados, jóias, bijuterias, malas, bolsas, etc);Entrega do Produto;Não entrega / demora na entrega do produto;Internet;S;N;Finalizada não avaliada;Não Avaliada;;Improcedente
Secretaria Nacional do Consumidor;Plataforma Web;CO;MS;Três Lagoas;M;entre 31 a 40 anos;2025;12;19/12/2025;;13/01/2026;03/01/2026;2026-02-04;08/01/2026;10;;Amazon.com.br;Comércio Eletrônico;Produtos Eletrodomésticos e Eletrônicos;Eletroportáteis ( batedeira, liquidificador, umidificador, secador, cafeteira etc );Entrega do Produto;Não entrega / demora na entrega do produto;Internet;S;N;Finalizada não avaliada;Não Avaliada;;Improcedente
Instituto Estadual de Proteção e Defesa do Consumidor;Plataforma Web;SE;ES;Vila Velha;M;até 20 anos;2025;12;19/12/2025;12/01/2026;06/01/2026;22/12/2025;2026-02-02;13/01/2026;15;9;EDP Espírito Santo;Energia Elétrica;Água, Energia, Gás;Energia Elétrica;Dados Pessoais e Privacidade;Falta de clareza / transparência no uso dos dados pessoais ou financeiros (falta de informação sobre a finalidade, período de armazenamento ou compartilhamento) ;Não comprei / contratei;S;S;Finalizada não avaliada;Não Avaliada;;Improcedente
Secretaria Nacional do Consumidor;Plataforma Web;CO;MS;Campo Grande;F;entre 21 a 30 anos;2025;12;19/12/2025;;13/01/2026;02/01/2026;2026-02-04;09/01/2026;11;;Amazon.com.br;Comércio Eletrônico;Produtos Eletrodomésticos e Eletrônicos;Acessório para eletroeletrônicos (pilhas, baterias etc);Entrega do Produto;Produto entregue incompleto / diferente do  pedido;Internet;S;N;Finalizada não avaliada;Não Avaliada;;Improcedente
Fundação de Proteção e Defesa do Consumidor;Plataforma Web;SE;SP;Campinas;M;entre 31 a 40 anos;2025;12;19/12/2025;13/01/2026;13/01/2026;29/12/2025;2026-02-03;13/01/2026;15;10;Latam Airlines (Tam);Transporte Aéreo;Transportes;Aéreo;Vício de Qualidade;Cancelamento de voo;Internet;S;S;Finalizada não avaliada;Não Avaliada;;Improcedente
Secretaria Nacional do Consumidor;Plataforma Web;S ;RS;Porto Alegre;M;entre 21 a 30 anos;2025;12;19/12/2025;;13/01/2026;30/12/2025;2026-02-04;12/01/2026;14;;Localiza Rent a Car;Aluguel de Carros;Demais Serviços ;Locação/ Aluguel - carros, roupas etc (exceto habitação);Vício de Qualidade;Falha de segurança (furto, roubo, violação);Não comprei / contratei;S;N;Finalizada não avaliada;Não Avaliada;;Improcedente
Secretaria Nacional do Consumidor;Plataforma Web;NE;AL;Maceió;M;entre 41 a 50 anos;2025;12;19/12/2025;;13/01/2026;02/01/2026;2026-02-04;09/01/2026;11;;Casas Bahia;Varejo;Produtos Eletrodomésticos e Eletrônicos;Refrigerador / freezer;Cobrança / Contestação;Negativação indevida (SPC, Serasa, SCPC etc);Loja física;S;N;Finalizada não avaliada;Não Avaliada;;Improcedente
Secretaria Nacional do Consumidor;Plataforma Web;N ;AP;Macapá;F;mais de 70 anos;2025;12;19/12/2025;12/01/2026;12/01/2026;29/12/2025;2026-02-02;12/01/2026;14;10;Banco Pan ;Bancos, Financeiras e Administradoras de Cartão;Serviços Financeiros;Crédito Consignado (para servidores públicos ou trabalhadores do setor privado);Cobrança / Contestação;Dificuldade para obter boleto de quitação ou informações acerca de cálculos, pagamentos, saldo devedor;Internet;S;S;Finalizada não avaliada;Não Avaliada;;Improcedente
Fundação de Proteção e Defesa do Consumidor;Plataforma Web;SE;SP;São Paulo;M;entre 21 a 30 anos;2025;12;19/12/2025;;14/01/2026;31/12/2025;2026-02-05;12/01/2026;14;;Amazon.com.br;Comércio Eletrônico;Produtos de Telefonia e Informática;Demais aparelhos de comunicação;Entrega do Produto;Produto entregue incompleto / diferente do  pedido;Internet;S;N;Finalizada não avaliada;Não Avaliada;;Improcedente
Fundação de Proteção e Defesa do Consumidor;Plataforma Web;SE;SP;São José do Rio Preto;F;entre 31 a 40 anos;2025;12;19/12/2025;15/01/2026;15/01/2026;31/12/2025;2026-02-02;13/01/2026;15;12;Facebook / Instagram;Provedores de Conteúdo e Outros Serviços na Internet;Demais Serviços ;Serviços na internet (provedor, hospedagem, aplicativos, streaming, jogos etc);Vício de Qualidade;Suspensão ou desligamento indevido do serviço;Internet;S;S;Finalizada avaliada;Não Resolvida;1;Improcedente
Secretaria Nacional do Consumidor;Plataforma Web;CO;MS;Três Lagoas;F;entre 41 a 50 anos;2025;12;19/12/2025;13/01/2026;06/01/2026;22/12/2025;2026-02-01;13/01/2026;15;10;Banco Bmg;Bancos, Financeiras e Administradoras de Cartão;Serviços Financeiros;Crédito Consignado / Cartão de Crédito Consignado / RMC (para beneficiários do INSS);Cobrança / Contestação;Cálculo de juros, saldo devedor (contestação, solicitação de histórico, dúvidas);Internet;S;S;Finalizada avaliada;Resolvida;2;Improcedente
Secretaria Nacional do Consumidor;Plataforma Web;N ;PA;Belém;M;entre 21 a 30 anos;2025;12;19/12/2025;;13/01/2026;31/12/2025;2026-02-04;11/01/2026;13;;Amazon.com.br;Comércio Eletrônico;Produtos de Telefonia e Informática;Acessórios e periféricos (monitor, impressora, pendrive, hd externo, cd dvd, outras midias, roteador, software, scanner etc);Contrato / Oferta;Oferta não cumprida / serviço não fornecido/ venda enganosa / publicidade enganosa;Internet;S;N;Finalizada não avaliada;Não Avaliada;;Improcedente
Fundação de Proteção e Defesa do Consumidor;Plataforma Web;SE;SP;Taubaté;F;entre 31 a 40 anos;2025;12;20/12/2025;12/01/2026;06/01/2026;24/12/2025;2026-02-02;12/01/2026;13;10;Banco Bmg;Bancos, Financeiras e Administradoras de Cartão;Serviços Financeiros;Crédito Consignado / Cartão de Crédito Consignado / RMC (para beneficiários do INSS);Dados Pessoais e Privacidade;Dificuldade de cancelamento / eliminação de dados / revogação do consentimento;Internet;S;S;Finalizada não avaliada;Não Avaliada;;Improcedente
Secretaria Nacional do Consumidor;Plataforma Web;CO;DF;Brasília;F;entre 41 a 50 anos;2025;12;20/12/2025;;13/01/2026;02/01/2026;2026-02-04;10/01/2026;11;;Amazon.com.br;Comércio Eletrônico;Demais Serviços ;Serviços na internet (provedor, hospedagem, aplicativos, streaming, jogos etc);Contrato / Oferta;Oferta não cumprida / serviço não fornecido/ venda enganosa / publicidade enganosa;Internet;N;N;Finalizada não avaliada;Não Avaliada;;Improcedente
Departamento Estadual de Proteção e Defesa do Consumidor;Plataforma Web;S ;PR;Curitiba;M;entre 21 a 30 anos;2025;12;20/12/2025;15/01/2026;15/01/2026;02/01/2026;2026-02-05;12/01/2026;13;13;Amazon.com.br;Comércio Eletrônico;Produtos Eletrodomésticos e Eletrônicos;Fogão, microondas, forno elétrico, depurador de ar e coifa;Dados Pessoais e Privacidade;Dificuldade de reclamar ou de obter tratamento a reclamação sobre dados pessoais ou financeiros;Internet;S;S;Finalizada não avaliada;Não Avaliada;;Improcedente
Secretaria Nacional do Consumidor;Plataforma Web;S ;RS;Porto Alegre;M;entre 21 a 30 anos;2025;12;20/12/2025;13/01/2026;12/01/2026;29/12/2025;2026-02-02;13/01/2026;14;10;Facebook / Instagram;Provedores de Conteúdo e Outros Serviços na Internet;Demais Serviços ;Serviços na internet (provedor, hospedagem, aplicativos, streaming, jogos etc);Vício de Qualidade;Suspensão ou desligamento indevido do serviço;Internet;S;S;Finalizada avaliada;Não Resolvida;1;Improcedente
Secretaria Nacional do Consumidor;Plataforma Web;NE;RN;Mossoró;M;entre 31 a 40 anos;2025;12;20/12/2025;;13/01/2026;02/01/2026;2026-02-04;10/01/2026;11;;Amazon.com.br;Comércio Eletrônico;Produtos Eletrodomésticos e Eletrônicos;Ar condicionado, ventilador e aquecedor;Contrato / Oferta;Oferta não cumprida / serviço não fornecido/ venda enganosa / publicidade enganosa;Internet;S;N;Finalizada não avaliada;Não Avaliada;;Improcedente
Fundação de Proteção e Defesa do Consumidor;Plataforma Web;SE;SP;São Paulo;M;entre 51 a 60 anos;2025;12;20/12/2025;13/01/2026;12/01/2026;29/12/2025;2026-02-03;13/01/2026;14;10;Safra Vida e Previdência;Seguros, Capitalização e Previdência;Serviços Financeiros;Demais Seguros;Cobrança / Contestação;Cobrança por serviço/produto não contratado / não reconhecido / não solicitado;Loja física;S;S;Finalizada não avaliada;Não Avaliada;;Improcedente
Fundação de Proteção e Defesa do Consumidor;Plataforma Web;SE;SP;São Paulo;F;entre 51 a 60 anos;2025;12;20/12/2025;12/01/2026;06/01/2026;24/12/2025;2026-02-02;12/01/2026;13;10;Mercado Pago;Empresas de Pagamento Eletrônico;Serviços Financeiros;Serviço de pagamento online/ via celular/ maquininha;Cobrança / Contestação;Dificuldade / atraso na devolução de valores pagos / reembolso / retenção de valores;Não comprei / contratei;N;S;Finalizada não avaliada;Não Avaliada;;Improcedente
Secretaria Nacional do Consumidor;Plataforma Web;NE;AL;Maceió;M;entre 41 a 50 anos;2025;12;20/12/2025;12/01/2026;07/01/2026;23/12/2025;2026-02-02;14/01/2026;15;8;Caixa Econômica Federal;Bancos, Financeiras e Administradoras de Cartão;Serviços Financeiros;Atendimento Bancário;Dados Pessoais e Privacidade;Coleta, uso ou compartilhamento indevido ou não autorizado de dados pessoais ou financeiros;Não comprei / contratei;N;S;Finalizada não avaliada;Não Avaliada;;Improcedente
Secretaria Nacional do Consumidor;Plataforma Web;NE;MA;Caxias;M;mais de 70 anos;2025;12;20/12/2025;13/01/2026;13/01/2026;30/12/2025;2026-02-03;13/01/2026;14;10;Banco Pan ;Bancos, Financeiras e Administradoras de Cartão;Serviços Financeiros;Crédito Consignado / Cartão de Crédito Consignado / RMC (para beneficiários do INSS);Cobrança / Contestação;Cobrança por serviço/produto não contratado / não reconhecido / não solicitado;Internet;N;S;Finalizada não avaliada;Não Avaliada;;Improcedente
Departamento Estadual de Proteção e Defesa do Consumidor;Plataforma Web;S ;PR;Londrina;F;entre 61 a 70 anos;2025;12;20/12/2025;12/01/2026;06/01/2026;22/12/2025;2026-02-02;14/01/2026;15;8;Banco Bmg;Bancos, Financeiras e Administradoras de Cartão;Serviços Financeiros;Crédito Consignado / Cartão de Crédito Consignado / RMC (para beneficiários do INSS);Cobrança / Contestação;Cobrança por serviço/produto não contratado / não reconhecido / não solicitado;Não comprei / contratei;N;S;Finalizada não avaliada;Não Avaliada;;Improcedente
Secretaria Nacional do Consumidor;Plataforma Web;N ;PA;Castanhal;F;entre 21 a 30 anos;2025;12;20/12/2025;13/01/2026;12/01/2026;29/12/2025;2026-02-03;13/01/2026;14;10;Vivo - Telefônica;Operadoras de Telecomunicações (Telefonia, Internet, TV por assinatura);Produtos de Telefonia e Informática;Demais aparelhos de comunicação;Atendimento / SAC;Má qualidade no atendimento (descortesia / despreparo/ constrangimento);Loja física;N;S;Finalizada não avaliada;Não Avaliada;;Improcedente
Instituto Estadual de Proteção e Defesa do Consumidor;Plataforma Web;SE;ES;Colatina;F;entre 21 a 30 anos;2025;12;20/12/2025;14/01/2026;14/01/2026;31/12/2025;2026-02-04;13/01/2026;14;11;Amazon.com.br;Comércio Eletrônico;Demais Serviços ;Serviços na internet (provedor, hospedagem, aplicativos, streaming, jogos etc);Cobrança / Contestação;Cobrança após cancelamento do serviço;Internet;S;S;Finalizada não avaliada;Não Avaliada;;Improcedente
Programa Estadual de Proteção e Defesa do Consumidor do Ministério Público da Paraíba;Plataforma Web;NE;PB;Campina Grande;M;entre 41 a 50 anos;2025;12;20/12/2025;;15/01/2026;31/12/2025;2026-02-06;14/01/2026;15;;Amazon.com.br;Comércio Eletrônico;Produtos Eletrodomésticos e Eletrônicos;Refrigerador / freezer;Contrato / Oferta;Oferta não cumprida / serviço não fornecido/ venda enganosa / publicidade enganosa;Internet;S;N;Finalizada não avaliada;Não Avaliada;;Improcedente
Secretaria Nacional do Consumidor;Plataforma Web;NE;PI;Bom Jesus;M;entre 31 a 40 anos;2025;12;20/12/2025;;13/01/2026;03/01/2026;2026-02-04;09/01/2026;10;;Amazon.com.br;Comércio Eletrônico;Demais Produtos;Livros e papelaria (material didático, artigos de escritório, etc.);Cobrança / Contestação;Dificuldade / atraso na devolução de valores pagos / reembolso / retenção de valores;Internet;S;N;Finalizada não avaliada;Não Avaliada;;Improcedente
Secretaria Nacional do Consumidor;Plataforma Web;S ;RS;Santa Maria;M;entre 61 a 70 anos;2025;12;20/12/2025;13/01/2026;07/01/2026;23/12/2025;2026-02-03;14/01/2026;15;9;Banco BV (antigo Banco Votorantim);Bancos, Financeiras e Administradoras de Cartão;Serviços Financeiros;Cartão de Crédito / Cartão de Débito / Cartão de Loja;Cobrança / Contestação;Cartão não solicitado - Envio ou cobrança;Não comprei / contratei;N;S;Finalizada não avaliada;Não Avaliada;;Improcedente
Secretaria Nacional do Consumidor;Plataforma Web;NE;MA;Timon;F;entre 41 a 50 anos;2025;12;20/12/2025;13/01/2026;13/01/2026;30/12/2025;2026-02-03;13/01/2026;14;10;Caixa Econômica Federal;Bancos, Financeiras e Administradoras de Cartão;Serviços Financeiros;Cartão de Programas Sociais;Cobrança / Contestação;Cobrança de tarifas, taxas, valores não previstos / não informados;Loja física;S;S;Finalizada não avaliada;Não Avaliada;;Improcedente
Fundação de Proteção e Defesa do Consumidor;Plataforma Web;SE;SP;Mogi das Cruzes;F;entre 21 a 30 anos;2025;12;20/12/2025;;14/01/2026;31/12/2025;2026-02-05;13/01/2026;14;;Amazon.com.br;Comércio Eletrônico;Demais Produtos;Perfumaria, cosméticos e higiene pessoal;Atendimento / SAC;Má qualidade no atendimento (descortesia / despreparo/ constrangimento);Internet;S;N;Finalizada não avaliada;Não Avaliada;;Improcedente
